#{"t_start": 1767050405.1275222, "env_id": "Reacher-v4"}
r,l,t
-47.810927,50,0.020791
-45.172749,50,0.038864
-6.149293,50,0.540357
-2.765217,50,1.063927
-8.241688,50,1.595422
-3.925369,50,2.123086
-4.356189,50,2.677263
-6.339025,50,3.199212
-2.111511,50,3.733948
-3.772341,50,4.24884
-6.398878,50,4.764092
-3.854352,50,5.289211
-6.851563,50,5.821367
-5.173454,50,6.352924
-2.477691,50,6.879642
-2.724069,50,7.408223
-7.391466,50,7.957526
-6.827545,50,8.57435
-2.521696,50,9.110648
-6.84882,50,9.6868
-2.664708,50,10.266505
-5.784178,50,10.841983
-6.03165,50,11.369412
-5.536817,50,11.919212
-3.231096,50,12.485055
-4.910589,50,13.035316
-6.281763,50,13.581316
-6.106619,50,14.112767
-4.099501,50,14.701288
-4.829304,50,15.223309
-3.811528,50,15.763853
-4.249259,50,16.318637
-5.612511,50,16.867845
-7.205053,50,17.424545
-7.123094,50,17.954007
-3.130414,50,18.503733
-1.917978,50,19.073186
-2.661049,50,19.612753
-1.556015,50,20.159712
-6.408307,50,20.707031
-6.831456,50,21.273832
-6.778107,50,21.820071
-3.944551,50,22.363623
-3.631795,50,22.942476
-6.205106,50,23.508213
-4.450705,50,24.068521
-7.911597,50,24.586572
-7.295666,50,25.109613
-4.022578,50,25.663509
-2.977934,50,26.215905
-4.135469,50,26.740198
-5.253535,50,27.274565
-7.075118,50,27.82094
-2.828421,50,28.356506
-5.06719,50,28.883024
-5.834645,50,29.451613
-4.999687,50,30.015534
-1.914022,50,30.542151
-5.532879,50,31.07594
-8.001186,50,31.598489
-4.255792,50,32.138536
-3.209783,50,32.698002
-3.344116,50,33.219841
-4.376954,50,33.729832
-6.458222,50,34.260479
-6.359868,50,34.802238
-5.212373,50,35.333844
-4.419992,50,35.865039
-5.583746,50,36.400468
-3.500499,50,36.954588
-4.7262,50,37.490758
-5.992027,50,38.020513
-6.070121,50,38.579069
-3.91066,50,39.110936
-3.408856,50,39.650056
-3.770408,50,40.191108
-4.027043,50,40.729226
-6.404789,50,41.270076
-2.615904,50,41.80924
-7.376183,50,42.346835
-1.693031,50,42.896224
-5.390874,50,43.446906
-5.358235,50,43.966124
-5.327068,50,44.532683
-6.422292,50,45.086292
-5.424778,50,45.626214
-7.356091,50,46.153903
-4.901239,50,46.690453
-5.91897,50,47.24979
-6.189495,50,47.79542
-4.735779,50,48.32681
-6.618731,50,48.855061
-7.594443,50,49.410171
-4.556827,50,49.963396
-7.195415,50,50.501103
-5.758133,50,51.033089
-6.66129,50,51.591231
-3.511736,50,52.116609
-7.766928,50,52.674161
-6.086302,50,53.196502
-6.486613,50,53.740085
-2.498516,50,54.268287
-8.326789,50,54.819448
-4.286598,50,55.335416
-4.256728,50,55.873035
-4.217921,50,56.409792
-3.123581,50,56.973355
-6.824271,50,57.518233
-4.329763,50,58.066348
-3.16908,50,58.60152
-1.821327,50,59.131069
-4.776588,50,59.672279
-4.75806,50,60.227396
-4.583082,50,60.763382
-5.579611,50,61.290966
-5.804059,50,61.82927
-1.969317,50,62.371033
-2.972801,50,62.910925
-3.455329,50,63.451396
-5.226575,50,63.99879
-3.613405,50,64.563077
-7.476447,50,65.099992
-3.487182,50,65.645324
-4.803049,50,66.17919
-4.811253,50,66.734454
-3.767746,50,67.264033
-2.540562,50,67.820668
-4.970082,50,68.356239
-5.850101,50,68.883496
-3.770702,50,69.415436
-1.968611,50,69.958169
-5.187214,50,70.476103
-3.490294,50,71.009064
-5.107867,50,71.561186
-4.721038,50,72.130102
-8.670437,50,72.701501
-4.426851,50,73.236538
-4.873356,50,73.803862
-4.83006,50,74.373182
-4.596137,50,74.919957
-6.413151,50,75.492997
-3.754194,50,76.033843
-5.944954,50,76.575626
-3.928467,50,77.103841
-6.59959,50,77.657473
-6.19442,50,78.215511
-7.438239,50,78.756193
-6.91759,50,79.303934
-2.618702,50,79.842752
-7.105343,50,80.960004
-2.766933,50,81.519942
-5.615063,50,82.074229
-4.411527,50,82.64237
-8.252677,50,83.18637
-5.702493,50,83.727891
-3.445554,50,84.271648
-4.295372,50,84.8449
-1.87095,50,85.38646
-6.525432,50,85.946131
-5.070725,50,86.496424
-3.550013,50,87.041076
-5.91248,50,87.606954
-6.434689,50,88.144635
-5.145191,50,88.693623
-4.85366,50,89.250922
-6.188525,50,89.807875
-6.238446,50,90.338522
-5.442879,50,90.87886
-3.378906,50,91.423788
-3.502272,50,91.963531
-6.37017,50,92.511858
-4.404796,50,93.051087
-5.158782,50,93.617676
-2.357401,50,94.137766
-5.524152,50,94.683954
-3.782273,50,95.245214
-5.467743,50,95.793577
-7.11062,50,96.357875
-6.91831,50,96.871912
-6.231315,50,97.42924
-3.407789,50,98.002728
-3.948564,50,98.568146
-5.521423,50,99.12091
-4.557994,50,99.683021
-8.516462,50,100.261456
-3.351731,50,100.797031
-3.893695,50,101.344684
-2.396996,50,101.900654
-5.533545,50,102.474059
-1.838376,50,103.010264
-5.689928,50,103.538544
-5.870602,50,104.066386
-7.440013,50,104.627603
-3.238868,50,105.161812
-4.914848,50,105.704432
-2.661646,50,106.265847
-4.700543,50,106.849028
-5.141095,50,107.391071
-6.634043,50,107.95131
-3.411992,50,108.488231
-5.767617,50,109.056836
-6.935088,50,109.623538
-3.846645,50,110.191724
-4.290004,50,110.73767
-5.263337,50,111.278643
-2.922724,50,111.820889
-3.026168,50,112.387484
-5.651606,50,112.944707
-4.452901,50,113.495713
-3.869192,50,114.054023
-3.308144,50,114.584654
-4.231107,50,115.128755
-7.278052,50,115.688326
-2.082877,50,116.230706
-2.9635,50,116.791975
-2.298102,50,117.362758
-5.457467,50,117.91265
-6.349998,50,118.468978
-3.621005,50,119.037277
-5.521518,50,119.575127
-4.482284,50,120.131128
-2.267838,50,120.66455
-4.828644,50,121.19112
-4.826858,50,121.729095
-4.650159,50,122.27977
-2.122273,50,122.839013
-4.090725,50,123.393906
-4.70662,50,123.936595
-2.130665,50,124.51069
-4.612677,50,125.052783
-5.384722,50,125.594748
-5.029977,50,126.156734
-4.112011,50,126.706825
-8.018747,50,127.224131
-3.394516,50,127.744392
-2.008102,50,128.322223
-4.823154,50,128.89296
-1.572644,50,129.406148
-2.04477,50,129.942808
-3.472473,50,130.48051
-3.287257,50,131.026788
-4.968716,50,131.570776
-5.63595,50,132.129838
-3.911854,50,132.688807
-4.881537,50,133.257375
-6.181092,50,133.790009
-7.247136,50,134.344466
-2.24587,50,134.923612
-5.058816,50,135.472796
-6.169994,50,136.016884
-7.560544,50,136.558392
-6.796815,50,137.103098
-6.153753,50,137.653428
-4.110605,50,138.194393
-2.571375,50,138.73834
-7.900874,50,139.276491
-5.944625,50,139.83728
-4.639316,50,140.389148
-7.727912,50,140.907876
-6.724574,50,141.434776
-5.759641,50,141.998563
-5.89984,50,142.557042
-2.425754,50,143.126597
-6.032953,50,143.671618
-5.931418,50,144.24781
-2.423205,50,144.761835
-4.628793,50,145.31204
-4.972841,50,145.859214
-5.996132,50,146.431551
-6.730795,50,146.974315
-3.878945,50,147.516195
-7.004878,50,148.022683
-4.328218,50,148.590363
-1.806329,50,149.152045
-4.246227,50,149.713826
-4.327218,50,150.250158
-4.167288,50,150.796189
-4.528878,50,151.333436
-5.577211,50,151.862071
-7.122784,50,152.417874
-6.320592,50,152.993405
-5.926288,50,153.534843
-6.964532,50,154.089813
-2.934592,50,154.629981
-4.350255,50,155.175976
-4.626969,50,155.731692
-2.069016,50,156.275837
-3.517361,50,156.820414
-4.034702,50,157.359907
-5.199113,50,157.890098
-2.78399,50,158.437381
-6.677191,50,158.972653
-5.934594,50,159.548386
-4.290613,50,160.083354
-2.331226,50,160.592347
-4.422572,50,161.137993
-4.726066,50,161.694107
-6.779473,50,162.25833
-5.089485,50,162.803998
-6.135734,50,163.349882
-3.871225,50,163.907248
-7.0651,50,164.445045
-5.210605,50,164.988712
-4.573007,50,165.514253
-4.215153,50,166.070848
-4.098683,50,166.576569
-4.622425,50,167.109438
-2.934936,50,167.637616
-4.201617,50,168.196292
-3.762844,50,168.753681
-4.539771,50,169.299187
-4.297417,50,169.845621
-5.46148,50,170.37879
-1.835332,50,170.938533
-6.460127,50,171.494987
-3.577652,50,172.036322
-5.626117,50,172.576408
-4.625447,50,173.124348
-2.834915,50,173.656431
-7.026743,50,174.192036
-6.49865,50,174.761922
-3.068563,50,175.299043
-4.597557,50,175.826536
-2.57425,50,176.381112
-7.512914,50,176.926707
-3.316876,50,177.490658
-5.799728,50,178.014604
-3.363641,50,178.5586
-2.327337,50,179.105732
-3.041705,50,179.633029
-3.517089,50,180.166351
-3.992252,50,180.70285
-2.484294,50,181.259653
-5.546878,50,181.779024
-2.597531,50,182.324386
-5.239115,50,182.882387
-5.795789,50,183.447264
-6.316195,50,183.99304
-3.273911,50,184.552538
-6.466794,50,185.273707
-5.771529,50,185.884513
-2.690674,50,186.529787
-7.860169,50,187.083462
-5.099051,50,187.619843
-4.808963,50,188.165191
-5.548596,50,188.747584
-6.076236,50,189.289838
-6.177806,50,189.816723
-2.9287,50,190.39896
-5.095898,50,191.034606
-4.429096,50,191.761439
-3.813112,50,192.368624
-4.841206,50,193.00103
-2.372104,50,193.625392
-4.338203,50,194.239755
-3.567617,50,194.844741
-5.35826,50,195.446813
-5.064477,50,196.066445
-5.175715,50,196.669856
-2.735447,50,197.254294
-5.729473,50,197.853222
-3.53177,50,198.485994
-6.428794,50,199.10422
-5.871622,50,199.736233
-6.374418,50,200.339195
-2.784596,50,200.935617
-3.935008,50,201.982027
-5.966496,50,202.667392
-4.121171,50,203.280066
-3.154724,50,203.862653
-5.263558,50,204.459822
-5.637369,50,205.030659
-2.915426,50,205.636009
-5.589625,50,206.213435
-5.145044,50,206.755958
-6.175862,50,207.296006
-3.021549,50,207.884028
-4.23098,50,208.441508
-6.781067,50,209.021097
-6.924831,50,209.615619
-3.526161,50,210.169564
-5.590868,50,210.736132
-5.75762,50,211.318335
-6.003354,50,211.872564
-3.455899,50,212.479285
-7.209305,50,213.07728
-6.725452,50,213.659771
-3.563167,50,214.245508
-4.524956,50,214.817742
-4.838936,50,215.369035
-5.693409,50,215.954044
-2.728058,50,216.706137
-3.184879,50,217.300209
-4.174818,50,217.883687
-2.409578,50,218.413639
-3.659189,50,218.944408
-4.227248,50,219.501121
-7.803011,50,220.044727
-4.868239,50,220.644054
-2.817732,50,221.234759
-2.171829,50,221.835609
-4.854961,50,222.38809
-5.60896,50,222.924513
-4.372661,50,223.515316
-5.923426,50,224.046309
-3.233591,50,224.604775
-2.028425,50,225.16897
-6.302696,50,225.706858
-6.146285,50,226.309269
-4.326619,50,226.842668
-5.447632,50,227.41539
-4.239937,50,228.003463
-7.316551,50,228.590618
-2.095609,50,229.151823
-5.428455,50,229.672075
-4.381443,50,230.251766
-6.642477,50,230.831769
-3.706589,50,231.509305
-5.148665,50,232.114282
-4.191361,50,232.693471
-2.222797,50,233.279909
-5.705342,50,233.840207
-4.20431,50,234.427435
-3.636099,50,235.02966
-3.978247,50,235.593229
-5.502388,50,236.177565
-4.532765,50,236.768549
-3.778889,50,237.352075
-4.164063,50,237.939081
-3.960736,50,238.515254
-5.432628,50,239.083947
-6.497715,50,239.665584
-5.97981,50,240.237691
-6.147874,50,240.829559
-6.074094,50,241.381755
-5.161809,50,241.956751
-4.19568,50,242.558657
-7.25151,50,243.13919
-4.84646,50,243.713038
-6.672536,50,244.310448
-5.078538,50,244.908114
-3.925045,50,245.501598
-5.488922,50,246.075867
-5.578885,50,246.907718
-4.984197,50,247.525631
-4.618897,50,248.122526
-4.424545,50,248.684327
-4.136599,50,249.25337
-4.989407,50,249.76892
-1.599806,50,250.286085
-2.775216,50,250.837536
-7.108771,50,251.409667
-4.939386,50,251.97255
-7.513505,50,252.552179
-3.575339,50,253.079396
-4.954611,50,253.604619
-2.890452,50,254.207512
-6.317649,50,254.783472
-5.527031,50,255.349535
-7.182681,50,255.934834
-4.499093,50,256.514197
-4.632437,50,257.084766
-4.427227,50,257.67044
-3.478211,50,258.231277
-5.03806,50,258.848184
-6.978024,50,259.445031
-6.625998,50,260.008617
-2.815717,50,260.625416
-5.435755,50,261.221142
-4.321283,50,261.937012
-6.036568,50,262.454729
-3.511189,50,263.038013
-6.979339,50,263.637498
-5.981733,50,264.169318
-4.532211,50,264.727551
-5.243944,50,265.319708
-4.5213,50,265.928203
-3.816642,50,266.513451
-6.569421,50,267.109692
-6.204851,50,267.654165
-5.721316,50,268.219981
-7.831533,50,268.771475
-4.516385,50,269.349644
-2.219909,50,269.922444
-2.713346,50,270.526016
-5.727196,50,271.099856
-5.770284,50,271.653876
-4.180549,50,272.234476
-4.369948,50,272.798127
-6.142856,50,273.374966
-4.482537,50,273.923084
-2.983651,50,274.497948
-3.001797,50,275.101096
-7.538579,50,275.675944
-4.060097,50,276.259536
-1.875129,50,277.035975
-5.877297,50,277.659778
-7.748529,50,278.256745
-3.710297,50,278.829573
-1.859132,50,279.412706
-7.319685,50,279.974551
-2.745717,50,280.553226
-2.152508,50,281.119176
-7.693172,50,281.67114
-5.233516,50,282.269828
-1.813827,50,282.838133
-4.4972,50,283.416945
-3.294052,50,283.968677
-2.146241,50,284.540581
-6.742063,50,285.09683
-3.856997,50,285.651522
-7.019123,50,286.180735
-7.841233,50,286.752862
-6.097491,50,287.330214
-5.33767,50,287.889204
-6.572154,50,288.450843
-2.690976,50,289.006044
-3.958862,50,289.575262
-5.974233,50,290.176832
-4.481575,50,290.786804
-4.99028,50,291.48244
-4.941324,50,292.051708
-4.474422,50,292.657311
-5.054536,50,293.177382
-4.389395,50,293.729051
-2.910071,50,294.288364
-3.382762,50,294.838691
-3.035428,50,295.391985
-6.670129,50,295.968731
-5.779394,50,296.537007
-4.571522,50,297.120849
-3.612033,50,297.686173
-6.741548,50,298.265934
-3.670256,50,298.831945
-6.879356,50,299.399538
-3.827184,50,299.974462
-3.013795,50,300.566395
-6.624369,50,301.122404
-2.158319,50,301.69769
-6.468655,50,302.24486
-4.40544,50,302.876438
-5.467361,50,303.466182
-4.39892,50,304.046446
-4.099326,50,304.581402
-2.945765,50,305.154501
-4.302481,50,305.6872
-3.717005,50,306.238879
-5.348921,50,307.033239
-7.187117,50,307.588817
-2.395642,50,308.129219
-5.454799,50,308.689364
-5.976758,50,309.260036
-5.752005,50,309.808581
-8.544716,50,310.383758
-5.664867,50,310.924398
-4.907774,50,311.478155
-5.135122,50,312.080392
-5.368275,50,312.642066
-5.074976,50,313.217818
-2.640556,50,313.75981
-6.386169,50,314.378867
-6.685287,50,314.951905
-5.219133,50,315.508358
-5.565753,50,316.087349
-6.041981,50,316.67345
-5.022964,50,317.217818
-5.983285,50,317.798183
-4.936529,50,318.319477
-4.62236,50,318.843653
-6.406457,50,319.375258
-4.813203,50,319.943255
-6.344691,50,320.43871
-5.461014,50,321.038894
-5.531333,50,321.755625
-4.144564,50,322.327669
-5.230329,50,322.892873
-7.401416,50,323.482456
-8.44448,50,324.078928
-5.388813,50,324.665103
-3.848643,50,325.233359
-4.130426,50,325.831803
-4.160857,50,326.431909
-4.194958,50,327.000444
-5.163035,50,327.596941
-7.040782,50,328.208
-6.20432,50,328.789756
-4.611229,50,329.441816
-6.923317,50,330.076878
-5.516529,50,330.704351
-5.17482,50,331.434481
-3.069413,50,332.225443
-7.104072,50,333.024722
-6.297615,50,333.793727
-5.474383,50,334.5116
-2.582719,50,335.15934
-3.64637,50,335.782961
-5.04701,50,336.549539
-4.57089,50,337.272432
-6.904836,50,337.870465
-4.703663,50,338.484319
-4.911061,50,339.114437
-3.065173,50,339.687291
-3.996653,50,340.338793
-7.022532,50,340.933883
-6.025923,50,341.54478
-6.123773,50,342.222227
-4.418189,50,343.041691
-6.036329,50,343.822286
-4.339795,50,344.640044
-4.81614,50,345.476581
-3.171894,50,346.224561
-5.312351,50,346.891369
-5.507278,50,347.555513
-5.185865,50,348.157014
-2.672347,50,348.746093
-3.513161,50,349.329011
-6.59254,50,349.92468
-3.673873,50,350.521975
-5.47962,50,351.124667
-6.012217,50,351.830513
-5.838775,50,352.456866
-2.578091,50,353.041566
-2.905442,50,353.617776
-3.779912,50,354.174521
-5.117894,50,354.778496
-5.725455,50,355.363626
-2.983763,50,355.94168
-6.767855,50,356.536093
-5.024953,50,357.156711
-2.29643,50,357.723483
-5.64063,50,358.296227
-4.967395,50,358.872516
-7.299356,50,359.484749
-3.781946,50,360.070952
-4.504185,50,360.645083
-4.392572,50,361.222362
-6.054187,50,361.807367
-6.343467,50,362.395674
-7.562658,50,363.001274
-2.275926,50,363.610873
-3.544386,50,364.222663
-4.040746,50,364.79944
-5.914813,50,365.384288
-6.813509,50,365.957023
-4.061113,50,366.794519
-5.827519,50,367.362776
-2.92641,50,367.914896
-4.791021,50,368.478543
-6.813979,50,369.061369
-5.684474,50,369.622548
-6.227364,50,370.181065
-4.882669,50,370.691601
-6.935175,50,371.279883
-2.739092,50,371.871424
-5.896514,50,372.486429
-4.751895,50,373.073346
-2.818728,50,373.655897
-3.089808,50,374.216802
-4.081925,50,374.803615
-5.356816,50,375.378773
-3.314888,50,375.954469
-4.590301,50,376.486431
-2.171355,50,377.076714
-3.762834,50,377.647365
-4.061051,50,378.224015
-3.87048,50,378.779807
-7.647875,50,379.330852
-4.246666,50,379.917836
-3.173498,50,380.516688
-4.239147,50,381.093635
-5.44525,50,381.795789
-5.51991,50,382.350926
-6.126064,50,382.972244
-3.459187,50,383.544279
-7.150686,50,384.11528
-6.381606,50,384.699408
-4.169841,50,385.321842
-7.098874,50,385.920067
-3.814755,50,386.515446
-4.154933,50,387.06067
-6.99234,50,387.631676
-7.146433,50,388.191128
-5.855415,50,388.774316
-3.889915,50,389.368989
-7.123435,50,389.961556
-5.699078,50,390.516061
-4.746194,50,391.08914
-4.911111,50,391.679021
-4.270627,50,392.281036
-5.108309,50,392.873497
-2.347888,50,393.459313
-5.98771,50,394.033795
-6.417689,50,394.607791
-7.621813,50,395.167688
-5.107887,50,395.747138
-5.994722,50,396.312757
-3.025176,50,397.120757
-6.632113,50,397.688229
-2.454808,50,398.257375
-5.442051,50,398.825633
-5.945891,50,399.413151
-5.085826,50,399.975532
-3.882227,50,400.542601
-2.315776,50,401.082605
-3.90479,50,401.678482
-2.598049,50,402.227904
-2.415766,50,402.791211
-5.112669,50,403.360387
-4.423586,50,403.948571
-2.62122,50,404.504597
-4.948758,50,405.071084
-5.552114,50,405.629486
-4.63427,50,406.228023
-4.459582,50,406.813514
-5.925485,50,407.380365
-6.722252,50,407.927868
-5.241461,50,408.504742
-4.250839,50,409.053677
-4.267888,50,409.630132
-5.327538,50,410.196446
-5.541908,50,410.801659
-4.944871,50,411.493538
-4.270133,50,412.081321
-2.758181,50,412.681127
-3.675136,50,413.30709
-2.685355,50,413.899093
-6.122925,50,414.468797
-4.638924,50,415.031807
-7.407161,50,415.568199
-6.946645,50,416.099894
-5.624255,50,416.679504
-2.76119,50,417.249181
-3.786419,50,417.848065
-3.866187,50,418.408225
-4.549552,50,418.957668
-6.821037,50,419.508613
-4.842949,50,420.109166
-3.674932,50,420.642838
-3.573129,50,421.214785
-5.630703,50,421.75518
-5.276702,50,422.336628
-2.182349,50,422.897096
-2.299469,50,423.492718
-4.080571,50,424.063858
-7.127087,50,424.666471
-5.286198,50,425.223453
-6.435605,50,425.78423
-6.841992,50,426.335329
-4.226425,50,427.149967
-6.5238,50,427.738283
-6.239971,50,428.323813
-6.991488,50,428.924015
-4.722424,50,429.538025
-4.643584,50,430.138304
-2.995625,50,430.716454
-6.387993,50,431.310637
-3.499743,50,431.89661
-5.25388,50,432.475339
-3.625247,50,433.062321
-5.588956,50,433.639137
-3.449348,50,434.215144
-2.908296,50,434.793884
-4.316746,50,435.379817
-6.688065,50,435.95639
-4.832714,50,436.545965
-7.350626,50,437.123022
-4.113519,50,437.725058
-6.917842,50,438.303311
-2.153454,50,438.910844
-3.330724,50,439.450222
-3.299848,50,440.045469
-3.085274,50,440.639502
-3.739426,50,441.164684
-3.098087,50,441.879007
-8.512755,50,442.446251
-5.162079,50,442.997409
-4.994064,50,443.597047
-5.646174,50,444.164047
-5.576775,50,444.699191
-5.092095,50,445.298871
-4.013793,50,445.849237
-4.014982,50,446.421786
-2.79682,50,446.988054
-5.800072,50,447.590717
-4.860085,50,448.205359
-5.689881,50,448.766798
-5.094756,50,449.296321
-5.730953,50,449.882363
-3.18768,50,450.4288
-4.138178,50,450.997587
-6.853082,50,451.533368
-3.67794,50,452.11151
-5.449814,50,452.709299
-5.548438,50,453.282435
-5.044481,50,453.88263
-2.825885,50,454.431066
-5.272538,50,455.031989
-6.760894,50,455.570988
-2.836942,50,456.121067
-6.576227,50,456.913728
-4.953722,50,457.518698
-2.108648,50,458.072052
-5.033312,50,458.632952
-5.617829,50,459.177365
-2.875952,50,459.740502
-2.715178,50,460.25407
-5.313049,50,460.824528
-4.315252,50,461.40249
-6.22515,50,461.973414
-6.259251,50,462.559487
-5.071986,50,463.160875
-4.368699,50,463.733685
-2.715234,50,464.348223
-6.217416,50,464.899916
-6.881535,50,465.473662
-2.330539,50,466.042799
-4.890988,50,466.615487
-4.374619,50,467.199635
-5.468629,50,467.793095
-4.167785,50,468.322258
-5.209291,50,468.920979
-5.197234,50,469.479433
-5.230719,50,470.040109
-4.871452,50,470.63372
-4.588711,50,471.226547
-6.097949,50,471.93533
-5.72444,50,472.52605
-6.161197,50,473.11403
-3.930712,50,473.749721
-3.177071,50,474.322843
-2.386298,50,474.849992
-5.285626,50,475.418824
-6.573048,50,475.987326
-6.423972,50,476.568129
-6.327454,50,477.162964
-4.265769,50,477.732184
-4.63175,50,478.308207
-3.978258,50,478.891044
-6.087668,50,479.451469
-4.474992,50,480.000237
-7.287549,50,480.621105
-2.877871,50,481.226315
-4.016776,50,481.833562
-5.158176,50,482.412094
-5.560472,50,483.019674
-3.653288,50,483.610003
-4.908203,50,484.19068
-4.438194,50,484.750651
-5.115302,50,485.358458
-6.707307,50,485.968293
-7.034006,50,486.750147
-6.969654,50,487.384646
-5.630102,50,487.964119
-6.776319,50,488.540057
-3.507656,50,489.120418
-4.342278,50,489.706599
-7.124332,50,490.294733
-2.537831,50,490.864732
-4.886017,50,491.431067
-6.330714,50,491.994229
-4.542844,50,492.578064
-5.144972,50,493.137846
-3.090735,50,493.736198
-3.82034,50,494.295846
-3.987467,50,494.884883
-2.75684,50,495.476774
-5.802998,50,496.053325
-4.52869,50,496.641688
-9.576842,50,497.250208
-3.966604,50,497.841027
-4.321188,50,498.463632
-3.033526,50,499.048751
-4.589859,50,499.664351
-5.326809,50,500.245775
-3.954849,50,500.814582
-5.43769,50,501.448995
-4.182049,50,502.108996
-4.938708,50,502.667551
-6.84607,50,503.232984
-8.211351,50,503.806928
-5.489073,50,504.396577
-4.564862,50,504.964919
-4.080946,50,505.537454
-6.140948,50,506.109215
-6.22715,50,506.711817
-5.710285,50,507.267508
-2.398327,50,507.817398
-3.683239,50,508.414018
-3.503304,50,508.998855
-4.779686,50,509.559224
-2.804226,50,510.115898
-4.741123,50,510.644464
-2.298166,50,511.206866
-5.278325,50,511.762561
-5.581959,50,512.339843
-5.568463,50,512.920539
-6.74419,50,513.503742
-5.141069,50,514.072091
-5.068111,50,514.649793
-2.531525,50,515.226829
-3.375055,50,515.845312
-5.026546,50,516.54093
-5.005276,50,517.207408
-6.949373,50,517.768923
-6.302314,50,518.360955
-2.874794,50,518.929368
-4.218236,50,519.449525
-4.045083,50,520.020727
-6.096424,50,520.590474
-5.358428,50,521.158448
-4.960093,50,521.716649
-4.103791,50,522.280701
-5.321607,50,522.847842
-4.735875,50,523.397198
-3.308744,50,523.969153
-4.17201,50,524.552003
-2.65064,50,525.147889
-4.393632,50,525.685634
-4.10072,50,526.264439
-4.767061,50,526.854812
-7.609529,50,527.426294
-6.128182,50,528.006208
-3.605243,50,528.591696
-1.76271,50,529.169906
-3.480325,50,529.748269
-2.680111,50,530.371501
-6.116241,50,530.938161
-5.713998,50,531.644081
-5.586537,50,532.244481
-3.36539,50,532.808259
-6.288381,50,533.349187
-5.849646,50,533.930274
-5.943557,50,534.489248
-4.590543,50,535.079009
-2.736285,50,535.661302
-2.882943,50,536.243893
-2.749823,50,536.853374
-5.630339,50,537.458332
-4.623179,50,538.013975
-2.093439,50,538.621133
-4.511564,50,539.178455
-3.412172,50,539.745915
-6.751505,50,540.343735
-4.243115,50,540.934027
-7.034965,50,541.459693
-6.843529,50,542.046305
-6.23538,50,542.60082
-3.133414,50,543.172625
-3.614964,50,543.748995
-5.201138,50,544.2994
-3.936316,50,544.86309
-4.891,50,545.416245
-3.663059,50,546.001729
-5.189029,50,546.765741
-4.27202,50,547.334134
-6.838169,50,547.935629
-4.057347,50,548.538894
-3.090995,50,549.127086
-6.48876,50,549.665616
-5.041516,50,550.240659
-3.21082,50,550.855272
-4.109395,50,551.437108
-3.298505,50,552.015615
-7.059404,50,552.607045
-8.251017,50,553.20235
-5.523692,50,553.784307
-5.269074,50,554.346322
-3.706006,50,554.929935
-5.153652,50,555.495586
-3.982643,50,556.036264
-3.125374,50,556.563709
-4.96559,50,557.092469
-1.743598,50,557.648579
-2.921213,50,558.215234
-3.599359,50,558.82718
-6.608156,50,559.380334
-2.761026,50,559.973756
-6.505297,50,560.600345
-4.388064,50,561.186524
-5.625139,50,561.892375
-3.826731,50,562.501219
-3.962802,50,563.089532
-5.302364,50,563.634016
-4.81638,50,564.182934
-3.84789,50,564.759191
-5.691231,50,565.340571
-5.326047,50,565.931893
-2.360662,50,566.519208
-3.942979,50,567.098493
-5.856862,50,567.645897
-5.935979,50,568.181041
-6.495954,50,568.762112
-2.868222,50,569.380545
-2.39243,50,569.979885
-3.687632,50,570.591063
-5.469421,50,571.166332
-5.48239,50,571.765218
-2.682242,50,572.296278
-4.21753,50,572.884328
-4.141681,50,573.475847
-5.899775,50,574.066253
-2.948464,50,574.651977
-5.191661,50,575.233345
-6.982997,50,575.769727
-4.389416,50,576.366498
-6.068926,50,577.159416
-4.589798,50,577.763899
-4.153171,50,578.359322
-4.434768,50,578.954914
-3.403048,50,579.543561
-6.133207,50,580.119217
-3.39503,50,580.713958
-3.625476,50,581.296668
-5.7443,50,581.849731
-4.567543,50,582.412292
-4.937565,50,582.967568
-3.968814,50,583.555534
-5.936729,50,584.172756
-4.944214,50,584.776227
-6.355656,50,585.360844
-4.348163,50,585.956285
-2.122837,50,586.50261
-5.552686,50,587.051039
-2.894118,50,587.593679
-4.91165,50,588.180719
-5.410647,50,588.768556
-7.269424,50,589.330076
-2.359953,50,589.913007
-7.012626,50,590.457634
-4.861832,50,591.047195
-4.905451,50,591.753521
-2.390639,50,592.283432
-5.158784,50,592.860386
-5.82192,50,593.45188
-3.927606,50,594.039429
-3.629326,50,594.634823
-3.60208,50,595.229668
-5.023048,50,595.834939
-6.46422,50,596.438727
-4.192262,50,597.024784
-6.386503,50,597.620296
-2.298065,50,598.183554
-6.175864,50,598.775182
-3.863381,50,599.374902
-5.341588,50,600.009576
-2.587964,50,600.589283
-5.754176,50,601.16496
-4.081677,50,601.740855
-5.501252,50,602.3289
-4.631268,50,602.91876
-4.233051,50,603.484698
-5.617777,50,604.058833
-4.397487,50,604.645976
-3.628694,50,605.214924
-6.373516,50,605.767696
-7.056428,50,606.380467
-5.242583,50,607.155339
-4.409961,50,607.692901
-6.772003,50,608.281638
-3.283807,50,608.833809
-3.949917,50,609.414569
-2.869938,50,609.998294
-5.314633,50,610.60024
-5.201042,50,611.149861
-6.511228,50,611.769167
-7.093451,50,612.351286
-3.350611,50,612.962816
-3.75725,50,613.514854
-4.277942,50,614.114365
-5.091467,50,614.703477
-5.848217,50,615.281165
-5.349843,50,615.884602
-6.371157,50,616.505943
-4.715143,50,617.080646
-3.934198,50,617.623204
-7.577153,50,618.184455
-6.648203,50,618.771455
-2.022453,50,619.328211
-6.061445,50,619.905733
-6.062268,50,620.48425
-3.487118,50,621.089196
-2.896844,50,621.780341
-7.669981,50,622.355561
-6.389997,50,622.926984
-2.16291,50,623.500727
-5.403942,50,624.049316
-5.717914,50,624.584447
-6.85208,50,625.159411
-5.484202,50,625.76728
-3.970028,50,626.352982
-6.287222,50,626.918465
-5.15778,50,627.451967
-6.195617,50,628.057086
-5.693582,50,628.62553
-6.697476,50,629.221865
-3.758522,50,629.806109
-1.766209,50,630.413098
-5.867217,50,630.987961
-3.947463,50,631.570711
-4.336775,50,632.160268
-5.4372,50,632.774814
-6.795873,50,633.361418
-4.062273,50,633.941832
-6.87715,50,634.540402
-3.058646,50,635.10516
-2.534701,50,635.671768
-4.856626,50,636.249799
-2.974711,50,637.058377
-2.786308,50,637.665573
-3.681251,50,638.259238
-3.081708,50,638.84857
-3.408462,50,639.459695
-3.599693,50,640.067929
-2.547648,50,640.619994
-6.447936,50,641.199521
-4.407112,50,641.798232
-4.013606,50,642.356661
-3.871439,50,642.89045
-6.531143,50,643.450382
-3.935264,50,644.046664
-4.635808,50,644.73365
-2.698384,50,645.338781
-4.063893,50,645.930963
-3.964935,50,646.539067
-3.979066,50,647.134869
-4.587794,50,647.690185
-2.549824,50,648.285614
-4.31464,50,648.87186
-5.363736,50,649.467422
-3.771241,50,650.051314
-5.584465,50,650.676689
-1.7093,50,651.268301
-5.694436,50,652.029932
-2.423151,50,652.610861
-5.940068,50,653.19144
-3.617882,50,653.76504
-4.382587,50,654.361766
-2.583162,50,654.950775
-3.62378,50,655.512236
-3.072864,50,656.10075
-5.859655,50,656.698548
-6.862787,50,657.293626
-6.564344,50,657.847303
-5.955323,50,658.463079
-5.210383,50,659.094293
-5.609271,50,659.612721
-6.862182,50,660.166736
-5.806954,50,660.746172
-3.38901,50,661.347678
-4.874653,50,661.938616
-5.188789,50,662.5423
-2.159366,50,663.120877
-2.021513,50,663.710017
-5.785987,50,664.248584
-4.607484,50,664.778048
-5.406091,50,665.327681
-4.881807,50,665.921287
-5.074345,50,666.646844
-3.716898,50,667.331878
-5.004525,50,667.893519
-4.625558,50,668.486932
-3.906578,50,669.084125
-5.958307,50,669.659019
-6.325985,50,670.226731
-2.556135,50,670.802441
-5.002317,50,671.368556
-2.138349,50,671.953768
-4.381101,50,672.546602
-5.296667,50,673.169483
-6.80208,50,673.7755
-6.23114,50,674.400902
-6.272026,50,675.021218
-5.658712,50,675.627843
-5.308473,50,676.189927
-5.167302,50,676.756713
-5.857131,50,677.302601
-2.741837,50,677.918977
-5.007445,50,678.5498
-4.345733,50,679.145411
-5.149723,50,679.753658
-3.454178,50,680.930686
-3.776605,50,681.641808
-3.633785,50,682.29272
-7.625488,50,682.893606
-5.501315,50,683.503108
-5.755879,50,684.117783
-6.150357,50,684.684753
-4.382434,50,685.285454
-3.065734,50,685.882131
-4.096324,50,686.428588
-6.817395,50,686.986019
-2.069347,50,687.590038
-2.288631,50,688.160162
-7.018829,50,688.732459
-7.960314,50,689.318799
-4.489384,50,689.884753
-6.250211,50,690.526637
-4.175283,50,691.13547
-3.272517,50,691.741187
-3.319554,50,692.344754
-3.354353,50,692.924471
-2.3819,50,693.500587
-2.934352,50,694.027532
-6.616114,50,694.59828
-5.860252,50,695.20706
-6.488104,50,695.744232
-6.835698,50,696.355429
-7.32607,50,697.174972
-1.991377,50,697.792042
-4.597131,50,698.365721
-3.302444,50,698.963694
-3.010267,50,699.550348
-2.837041,50,700.157188
-4.323886,50,700.746771
-3.950122,50,701.318869
-5.761701,50,701.922368
-2.32413,50,702.509185
-3.953829,50,703.103828
-6.483226,50,703.676072
-4.422546,50,704.254184
-4.746036,50,704.89624
-5.615594,50,705.463807
-4.041701,50,706.077989
-4.840802,50,706.662593
-6.506224,50,707.256371
-3.782706,50,707.825542
-2.2086,50,708.391245
-3.161657,50,708.992744
-4.448061,50,709.610739
-5.675875,50,710.182688
-5.123058,50,710.729934
-3.134056,50,711.330186
-4.377936,50,712.022439
-6.681832,50,712.630423
-7.986328,50,713.236751
-1.490434,50,713.802948
-5.202044,50,714.397737
-4.431353,50,714.982766
-6.574138,50,715.540265
-2.720879,50,716.129996
-5.722193,50,716.720197
-6.995901,50,717.319762
-5.341853,50,717.925515
-6.273277,50,718.521617
-1.644056,50,719.118811
-2.687263,50,719.656363
-2.413895,50,720.253935
-7.676965,50,720.835265
-5.249393,50,721.432051
-3.172268,50,721.996467
-6.066776,50,722.551908
-2.568616,50,723.133361
-5.709448,50,723.737706
-5.064303,50,724.240976
-5.284949,50,724.838019
-4.012699,50,725.415561
-2.305796,50,725.970523
-5.167396,50,726.669803
-3.134268,50,727.325175
-1.354723,50,727.867927
-6.495298,50,728.452095
-6.276593,50,729.02321
-3.408761,50,729.595915
-4.455288,50,730.174035
-2.005899,50,730.763681
-4.955689,50,731.326289
-6.686411,50,731.888019
-1.693077,50,732.485527
-4.451462,50,733.054132
-3.838069,50,733.576935
-4.412031,50,734.128004
-2.240062,50,734.67777
-3.274225,50,735.259454
-4.555881,50,735.837726
-6.631596,50,736.394759
-2.774696,50,736.946674
-6.334534,50,737.563807
-7.012753,50,738.144738
-6.345444,50,738.691999
-7.046056,50,739.245986
-7.395707,50,739.856206
-5.095443,50,740.418132
-5.348713,50,741.031815
-6.785649,50,741.665059
-4.023397,50,742.315256
-3.284415,50,742.900612
-6.818261,50,743.485177
-6.176418,50,744.077777
-2.490784,50,744.667814
-2.805761,50,745.250886
-5.030464,50,745.819802
-4.570572,50,746.388788
-3.300859,50,746.973192
-5.305317,50,747.523213
-2.816751,50,748.114282
-4.602611,50,748.653398
-4.956366,50,749.272244
-2.120767,50,749.86039
-5.499183,50,750.44658
-4.243146,50,751.045607
-4.890958,50,751.646898
-5.817121,50,752.255801
-4.590251,50,752.807379
-5.96745,50,753.360593
-5.02361,50,753.955579
-6.423536,50,754.533443
-6.328705,50,755.134328
-4.421454,50,755.702015
-4.997042,50,756.266403
-2.902871,50,757.082583
-3.585601,50,757.665507
-4.692639,50,758.240583
-6.284432,50,758.866905
-3.788021,50,759.452835
-5.183203,50,760.06903
-6.148691,50,760.642993
-5.024878,50,761.243194
-6.988048,50,761.846683
-4.060934,50,762.402589
-5.037088,50,762.980705
-4.193023,50,763.604449
-5.657009,50,764.188238
-6.773637,50,764.820066
-3.908845,50,765.411945
-4.759853,50,766.002154
-4.292433,50,766.615427
-1.347532,50,767.189507
-6.655201,50,767.704604
-1.751727,50,768.315901
-2.123258,50,768.906473
-6.371223,50,769.474153
-7.152741,50,770.05359
-3.090792,50,770.631846
-2.40688,50,771.209901
-5.300442,50,771.89823
-3.249485,50,772.464405
-6.852944,50,773.06133
-3.099713,50,773.662632
-6.313835,50,774.292746
-3.883242,50,774.847288
-4.989929,50,775.46545
-6.784216,50,776.037932
-3.281549,50,776.628496
-2.40969,50,777.207844
-3.476005,50,777.789521
-3.674655,50,778.375232
-6.303278,50,778.975427
-4.143959,50,779.553009
-6.001706,50,780.155649
-6.876269,50,780.773216
-6.088028,50,781.37359
-2.410614,50,781.977257
-6.378629,50,782.549113
-4.915889,50,783.13177
-6.046525,50,783.703303
-5.530186,50,784.285264
-6.371996,50,784.873925
-4.59505,50,785.461505
-4.59402,50,786.046194
-4.242728,50,786.809658
-6.721232,50,787.501784
-5.377625,50,788.065897
-5.230039,50,788.622219
-5.80769,50,789.167273
-3.02946,50,789.788043
-3.068926,50,790.41049
-3.15948,50,790.959879
-2.605849,50,791.528651
-5.79425,50,792.085377
-5.772119,50,792.674717
-4.63913,50,793.29044
-4.257782,50,793.85201
-3.585246,50,794.448228
-4.834875,50,795.053092
-3.683337,50,795.651617
-5.161204,50,796.214339
-7.060294,50,796.787918
-5.18178,50,797.349179
-3.782914,50,797.970475
-4.47799,50,798.577492
-5.048428,50,799.17811
-5.482162,50,799.790995
-4.351498,50,800.406071
-5.297659,50,800.981628
-4.936676,50,801.698823
-4.80725,50,802.333521
-4.384774,50,802.942754
-5.977505,50,803.510569
-5.191253,50,804.064611
-4.533765,50,804.619177
-5.951877,50,805.226246
-5.064135,50,805.825397
-3.73315,50,806.433341
-4.977757,50,807.010303
-4.698714,50,807.583185
-3.635755,50,808.142987
-3.768961,50,808.697904
-5.417215,50,809.273083
-5.935057,50,809.876091
-4.271528,50,810.441717
-4.817889,50,811.085595
-6.037087,50,811.681031
-2.311794,50,812.274333
-2.035092,50,812.866051
-7.109092,50,813.43608
-5.906715,50,814.026742
-5.822715,50,814.611137
-4.305473,50,815.199354
-5.153664,50,815.787626
-5.84084,50,816.373801
-5.421414,50,817.184566
-4.87657,50,817.781834
-6.432627,50,818.365269
-5.860375,50,818.94019
-4.361014,50,819.519158
-5.031421,50,820.074812
-2.283011,50,820.6542
-5.142834,50,821.212609
-3.037959,50,821.794791
-3.662586,50,822.350296
-3.877103,50,822.970792
-4.866449,50,823.577296
-4.824084,50,824.109431
-4.98148,50,824.677488
-7.640124,50,825.254948
-3.907039,50,825.826274
-1.761093,50,826.417182
-6.631327,50,827.000311
-1.965217,50,827.662842
-3.610833,50,828.273499
-8.020369,50,828.890347
-6.175002,50,829.476511
-7.599592,50,830.072209
-3.415735,50,830.641449
-6.843295,50,831.22172
-4.000565,50,831.915485
-6.61287,50,832.51698
-3.026551,50,833.084386
-6.47365,50,833.683182
-5.089292,50,834.299747
-4.300065,50,834.902189
-2.427288,50,835.500282
-7.655532,50,836.081904
-5.001583,50,836.699726
-2.725043,50,837.303803
-5.82527,50,837.87898
-2.718753,50,838.452198
-4.999473,50,839.057923
-3.890725,50,839.643595
-3.330998,50,840.210831
-2.097449,50,840.802975
-6.063899,50,841.339783
-5.198455,50,841.977288
-2.658642,50,842.56546
-3.535061,50,843.14618
-5.886763,50,843.714481
-5.442787,50,844.327585
-4.610381,50,844.939797
-4.694543,50,845.499912
-4.956769,50,846.080113
-3.527448,50,846.849861
-3.067746,50,847.466067
-2.369565,50,848.066281
-6.480483,50,848.661227
-5.00096,50,849.28939
-5.679757,50,849.845354
-6.313233,50,850.408992
-6.463776,50,850.995921
-3.179393,50,851.618993
-5.559791,50,852.222448
-7.724125,50,852.807837
-2.495415,50,853.42514
-3.45558,50,854.03334
-6.578688,50,854.635777
-6.599316,50,855.227228
-5.818759,50,855.845783
-4.16883,50,856.450903
-2.949234,50,857.059224
-5.281681,50,857.671238
-6.296608,50,858.256854
-4.03383,50,858.860408
-1.887761,50,859.512066
-3.428629,50,860.11516
-3.189678,50,860.722991
-3.344148,50,861.3392
-6.771039,50,862.045809
-4.450961,50,862.668664
-3.924353,50,863.247369
-2.2433,50,863.86211
-6.506745,50,864.460243
-3.199145,50,865.05502
-2.566012,50,865.664287
-6.305135,50,866.316994
-4.939023,50,866.943601
-5.960051,50,867.550476
-3.161161,50,868.156854
-4.314169,50,868.746549
-1.919395,50,869.312735
-6.931429,50,869.893172
-3.816385,50,870.471362
-3.680234,50,871.083243
-7.35574,50,871.694638
-2.207724,50,872.309117
-3.175173,50,872.893668
-5.292725,50,873.526384
-5.252569,50,874.096565
-3.800901,50,874.696241
-2.050169,50,875.285613
-4.071226,50,875.902434
-3.466269,50,876.522058
-4.877321,50,877.341537
-1.883687,50,877.891884
-5.667002,50,878.487564
-4.774461,50,879.100847
-6.434662,50,879.709325
-3.925711,50,880.311315
-7.331617,50,880.934035
-5.146823,50,881.535547
-2.65427,50,882.136447
-5.969961,50,882.735726
-3.567025,50,883.322373
-6.500082,50,883.920888
-6.42336,50,884.535507
-3.725569,50,885.11321
-3.862381,50,885.684494
-6.626875,50,886.26809
-5.332042,50,886.853661
-4.841637,50,887.43578
-5.856592,50,888.0308
-4.609838,50,888.624894
-7.453378,50,889.251307
-7.466147,50,889.843444
-5.041711,50,890.471694
-4.840638,50,891.058154
-7.521815,50,891.75933
-5.991575,50,892.373085
-4.942185,50,892.989232
-5.432765,50,893.54348
-5.009548,50,894.080169
-1.92832,50,894.650305
-3.96692,50,895.217437
-4.869058,50,895.780041
-3.563142,50,896.362108
-2.669348,50,896.981339
-2.929452,50,897.62703
-4.744714,50,898.24428
-5.132042,50,898.838719
-3.782011,50,899.403833
-5.329806,50,900.001861
-5.982885,50,900.577502
-3.21024,50,901.198611
-4.693698,50,901.787929
-4.127101,50,902.353331
-3.105803,50,902.955316
-2.992177,50,903.513036
-4.663339,50,904.104353
-2.283401,50,904.726581
-3.967329,50,905.327232
-2.168996,50,905.931284
-5.1519,50,906.531837
-6.817988,50,907.37293
-2.492973,50,907.969342
-5.912842,50,908.556231
-6.550044,50,909.152158
-2.329152,50,909.764258
-3.351253,50,910.364833
-4.222543,50,910.998871
-4.108485,50,911.614344
-5.615065,50,912.1738
-5.615815,50,912.753277
-7.113366,50,913.390031
-2.964702,50,913.986232
-5.028921,50,914.664509
-3.311271,50,915.248935
-7.873094,50,915.832321
-2.240624,50,916.43526
-5.19153,50,917.054081
-3.650837,50,917.627274
-3.490352,50,918.243706
-6.234373,50,918.830217
-4.719121,50,919.469123
-6.235374,50,920.097697
-6.27222,50,920.688898
-5.134693,50,921.291952
-7.398319,50,922.018757
-3.790061,50,922.585091
-4.729417,50,923.178333
-3.278245,50,923.796867
-5.423678,50,924.418393
-2.607973,50,925.071691
-4.35388,50,925.657411
-6.344018,50,926.243411
-5.145531,50,926.873572
-3.317573,50,927.480638
-5.84117,50,928.075137
-3.067786,50,928.709286
-4.586921,50,929.329753
-5.43538,50,929.882926
-2.973545,50,930.511973
-2.399512,50,931.128915
-5.38022,50,931.752377
-5.074938,50,932.404223
-5.289672,50,932.992135
-3.573066,50,933.578284
-4.065984,50,934.187524
-5.414034,50,934.805034
-2.042221,50,935.342733
-5.175049,50,935.879276
-5.74315,50,936.501961
-6.572268,50,937.325442
-5.819644,50,937.932653
-6.027717,50,938.515561
-6.638205,50,939.133725
-4.509805,50,939.700977
-5.630145,50,940.322808
-5.344773,50,940.923825
-3.41287,50,941.543568
-3.873054,50,942.141446
-2.619965,50,942.730169
-6.662694,50,943.333106
-4.973162,50,943.92461
-3.998115,50,944.487216
-4.938213,50,945.056741
-5.122963,50,945.649702
-3.110235,50,946.289091
-3.162016,50,946.923882
-3.834254,50,947.537666
-5.42821,50,948.114178
-4.148689,50,948.725748
-4.250303,50,949.350638
-3.037059,50,949.937418
-6.867603,50,950.530847
-6.041089,50,951.165204
-7.278216,50,951.864194
-8.019686,50,952.453123
-4.151511,50,953.022053
-6.487008,50,953.638396
-3.225347,50,954.24914
-7.466226,50,954.790881
-6.080883,50,955.389706
-4.131174,50,956.006397
-2.207151,50,956.639553
-5.912582,50,957.227906
-3.338553,50,957.814414
-3.491522,50,958.378963
-5.366223,50,958.969074
-3.669256,50,959.529402
-2.222952,50,960.108839
-3.922146,50,960.735305
-2.878931,50,961.338857
-6.663992,50,961.916531
-3.695284,50,962.457757
-3.950365,50,963.068266
-5.34698,50,963.672666
-5.583457,50,964.289761
-4.193337,50,964.852134
-3.979055,50,965.495296
-5.075706,50,966.120776
-4.007959,50,966.86804
-5.650268,50,967.53596
-5.17856,50,968.151976
-3.699667,50,968.72635
-5.259052,50,969.307503
-4.951024,50,969.91059
-6.482419,50,970.489029
-4.587977,50,971.090417
-5.619637,50,971.695203
-3.043087,50,972.263837
-3.68506,50,972.877589
-4.783586,50,973.456591
-4.422639,50,974.075097
-5.6865,50,974.661927
-6.307054,50,975.287632
-2.776793,50,975.856964
-4.860145,50,976.435302
-2.305217,50,977.019497
-4.929799,50,977.651007
-6.080262,50,978.285729
-7.634242,50,978.886716
-3.751076,50,979.498037
-5.745316,50,980.088179
-4.593437,50,980.712606
-5.117285,50,981.326778
-3.063844,50,982.060357
-2.984935,50,982.66763
-7.480995,50,983.269444
-5.760327,50,983.866755
-5.917463,50,984.467102
-4.527417,50,985.040386
-6.955837,50,985.608422
-4.754812,50,986.221345
-5.036087,50,986.838611
-5.177608,50,987.446491
-4.351956,50,988.081273
-5.795358,50,988.69109
-3.749463,50,989.254205
-5.336705,50,989.825402
-5.579005,50,990.366793
-2.774598,50,990.96748
-5.954582,50,991.574779
-3.639046,50,992.178006
-3.283259,50,992.761384
-3.46324,50,993.36975
-7.440038,50,993.944376
-2.479553,50,994.571739
-3.219242,50,995.174232
-6.55792,50,995.791822
-4.33172,50,996.41047
-2.047691,50,997.230693
-2.052269,50,997.845782
-6.167914,50,998.428879
-4.487509,50,999.04215
-6.543125,50,999.671235
-2.17447,50,1000.297668
-2.101321,50,1000.897799
-4.636264,50,1001.473646
-5.545241,50,1002.095947
-6.07252,50,1002.641432
-5.986754,50,1003.177795
-3.86026,50,1003.74419
-4.676674,50,1004.368906
-5.561985,50,1004.985802
-5.005506,50,1005.577851
-5.857939,50,1006.188521
-6.356496,50,1006.806361
-6.238529,50,1007.375573
-5.119954,50,1007.947129
-3.770368,50,1008.571081
-3.386959,50,1009.196102
-7.366931,50,1009.807658
-4.053364,50,1010.396902
-4.01257,50,1010.978925
-5.412632,50,1011.629469
-4.988989,50,1012.362979
-5.99119,50,1012.941888
-5.383171,50,1013.524825
-6.177067,50,1014.168481
-3.532246,50,1014.808149
-6.374242,50,1015.402174
-5.339704,50,1015.983437
-5.352903,50,1016.577238
-3.518589,50,1017.195709
-7.29515,50,1017.788895
-4.131035,50,1018.393901
-4.76295,50,1018.996649
-3.574579,50,1019.604112
-5.215022,50,1020.168259
-3.48543,50,1020.788509
-5.814746,50,1021.350886
-5.96083,50,1021.948891
-5.361984,50,1022.512383
-5.705902,50,1023.149217
-5.362991,50,1023.723393
-3.63023,50,1024.320769
-2.917681,50,1024.909436
-4.17586,50,1025.495779
-3.738353,50,1026.112256
-4.919824,50,1026.843283
-3.329767,50,1027.514043
-2.244276,50,1028.124263
-4.461225,50,1028.731221
-3.704007,50,1029.338776
-5.968082,50,1029.944003
-5.438188,50,1030.554611
-3.586928,50,1031.131288
-6.403351,50,1031.755795
-6.250776,50,1032.367802
-7.940085,50,1032.955605
-6.038229,50,1033.539512
-5.677257,50,1034.153325
-3.341205,50,1034.741803
-3.647542,50,1035.310404
-4.538431,50,1035.937256
-5.879523,50,1036.513491
-6.995237,50,1037.107903
-3.672552,50,1037.706866
-4.750188,50,1038.278657
-6.286554,50,1038.850408
-4.355528,50,1039.406374
-5.666731,50,1039.979397
-3.690746,50,1040.566861
-4.007979,50,1041.124051
-4.379822,50,1041.80802
-1.847058,50,1042.437553
-4.752259,50,1043.04709
-6.211797,50,1043.616246
-5.18519,50,1044.214191
-3.771701,50,1044.798943
-2.775562,50,1045.451073
-4.763143,50,1046.011378
-4.066306,50,1046.585512
-2.916597,50,1047.187863
-5.87982,50,1047.771042
-4.847614,50,1048.363284
-4.673266,50,1048.944755
-4.321338,50,1049.541852
-3.441315,50,1050.136225
-3.700707,50,1050.723159
-7.338138,50,1051.320133
-3.273418,50,1051.909635
-5.687121,50,1052.512681
-5.642836,50,1053.103734
-6.244697,50,1053.726128
-5.215829,50,1054.281621
-5.485674,50,1054.88169
-2.776383,50,1055.509576
-1.722975,50,1056.150237
-3.567721,50,1056.870734
-6.042776,50,1057.553841
-3.064618,50,1058.152474
-2.316666,50,1058.779295
-5.957522,50,1059.383303
-1.827572,50,1059.999292
-3.092109,50,1060.594075
-5.893164,50,1061.19657
-4.803256,50,1061.77913
-2.595251,50,1062.380499
-2.554841,50,1062.98235
-4.661288,50,1063.603751
-3.874283,50,1064.199494
-5.944045,50,1064.815262
-2.880228,50,1065.413574
-2.953646,50,1066.024572
-6.920425,50,1066.621206
-4.084002,50,1067.235748
-4.806072,50,1067.826901
-2.348974,50,1068.428842
-3.800207,50,1068.994139
-6.994194,50,1069.615163
-2.020265,50,1070.175673
-2.807791,50,1070.736897
-3.998516,50,1071.318378
-6.714029,50,1072.03357
-4.086167,50,1072.632252
-2.704387,50,1073.248275
-5.367273,50,1073.850253
-5.404025,50,1074.497846
-6.824511,50,1075.076225
-4.02679,50,1075.67365
-4.952444,50,1076.273034
-3.719563,50,1076.827462
-7.45029,50,1077.421335
-7.831861,50,1078.024718
-3.160838,50,1078.624763
-4.885742,50,1079.204314
-4.035301,50,1079.764617
-3.774203,50,1080.376948
-5.700646,50,1080.99087
-5.414453,50,1081.642501
-4.165986,50,1082.258531
-1.882992,50,1082.856976
-2.585149,50,1083.407236
-2.499637,50,1084.055646
-6.527066,50,1084.633092
-5.563587,50,1085.213251
-4.811802,50,1085.790237
-5.270248,50,1086.382565
-5.585901,50,1087.205112
-3.435774,50,1087.783775
-4.73819,50,1088.347143
-4.976627,50,1088.956575
-6.445027,50,1089.547302
-4.258467,50,1090.177033
-3.867673,50,1090.750821
-4.31747,50,1091.334544
-6.062528,50,1091.896234
-4.253601,50,1092.468658
-2.911633,50,1093.04399
-4.792698,50,1093.615921
-6.976389,50,1094.211639
-4.087234,50,1094.857529
-2.94764,50,1095.43457
-5.681333,50,1096.030312
-2.962103,50,1096.650041
-4.591128,50,1097.228902
-5.254748,50,1097.829422
-3.30088,50,1098.473475
-6.064564,50,1099.084832
-2.15262,50,1099.673517
-3.878722,50,1100.274889
-5.919112,50,1100.843239
-4.274035,50,1101.463115
-4.946534,50,1102.200044
-3.099644,50,1102.778114
-5.742976,50,1103.402836
-6.88999,50,1103.990263
-4.139345,50,1104.622741
-6.671578,50,1105.22075
-4.490658,50,1105.835749
-5.484393,50,1106.468812
-4.406676,50,1107.081436
-2.398721,50,1107.679981
-5.620514,50,1108.254928
-2.075036,50,1108.851089
-4.7219,50,1109.427681
-4.59292,50,1110.053356
-2.415181,50,1110.652489
-3.880544,50,1111.228953
-7.823818,50,1111.819665
-4.760649,50,1112.396692
-3.623174,50,1112.996466
-4.164758,50,1113.608235
-3.363879,50,1114.17258
-4.192851,50,1114.740592
-4.186037,50,1115.360639
-5.606855,50,1115.922321
-5.454098,50,1116.520127
-4.469967,50,1117.368004
-3.719014,50,1117.993218
-2.873505,50,1118.6073
-5.789383,50,1119.241604
-5.682529,50,1119.837471
-2.814676,50,1120.447974
-5.304796,50,1121.02324
-4.089114,50,1121.635764
-5.955589,50,1122.240592
-5.755006,50,1122.87647
-3.015191,50,1123.47393
-3.415822,50,1124.082603
-2.069882,50,1124.686419
-3.898818,50,1125.278508
-6.56711,50,1125.88518
-5.492401,50,1126.442966
-3.728501,50,1127.038984
-5.778251,50,1127.649761
-5.586705,50,1128.254906
-4.99312,50,1128.879206
-2.461613,50,1129.508473
-6.590191,50,1130.092014
-2.773758,50,1130.627649
-2.657311,50,1131.19885
-4.027083,50,1131.91452
-4.401794,50,1132.578184
-5.444017,50,1133.201369
-6.645911,50,1133.774343
-5.418986,50,1134.367928
-4.594065,50,1135.001545
-2.118614,50,1135.553847
-6.536178,50,1136.122385
-5.444361,50,1136.724151
-4.925011,50,1137.342358
-6.22395,50,1137.906212
-4.909258,50,1138.507092
-7.200637,50,1139.120362
-1.906463,50,1139.7161
-6.641189,50,1140.348664
-3.925861,50,1140.967257
-2.118256,50,1141.593682
-2.03399,50,1142.162003
-3.988547,50,1142.775694
-4.873245,50,1143.382584
-2.338631,50,1143.979867
-6.754566,50,1144.548457
-4.314857,50,1145.145561
-5.337984,50,1145.765664
-3.951496,50,1146.336776
-4.78739,50,1147.165311
-3.602208,50,1147.803636
-5.663006,50,1148.398294
-4.884061,50,1149.028757
-3.71149,50,1149.623383
-6.017187,50,1150.233264
-6.134427,50,1150.797599
-1.909282,50,1151.371895
-6.25948,50,1151.961069
-4.354891,50,1152.55495
-3.832343,50,1153.091708
-6.616604,50,1153.68927
-3.468624,50,1154.310147
-4.994153,50,1154.876561
-5.852646,50,1155.438428
-3.643448,50,1156.035424
-4.971994,50,1156.6228
-6.692528,50,1157.23053
-5.918959,50,1157.865314
-3.22867,50,1158.444337
-5.5939,50,1159.056611
-7.792139,50,1159.651792
-5.958518,50,1160.241353
-4.567767,50,1160.860588
-4.860946,50,1161.476392
-5.579331,50,1162.168504
-5.303458,50,1162.760768
-5.797443,50,1163.316415
-5.81888,50,1163.949067
-3.749493,50,1164.578409
-1.665249,50,1165.216043
-4.716141,50,1165.796708
-3.921232,50,1166.427091
-4.046041,50,1167.020747
-2.54422,50,1167.670314
-5.500053,50,1168.25207
-5.444334,50,1168.895123
-6.285579,50,1169.526707
-2.434155,50,1170.107555
-4.256138,50,1170.708306
-3.746379,50,1171.33344
-4.49118,50,1171.918159
-4.965983,50,1172.49028
-4.120256,50,1173.09374
-4.566985,50,1173.705303
-6.015666,50,1174.326463
-6.598857,50,1174.92313
-5.275677,50,1175.537129
-4.675002,50,1176.191884
-5.094215,50,1176.922518
-3.322896,50,1177.586964
-5.577281,50,1178.172904
-1.88969,50,1178.803211
-6.687345,50,1179.402311
-2.110687,50,1180.025126
-5.683884,50,1180.638449
-4.794433,50,1181.264392
-3.336616,50,1181.849855
-3.535252,50,1182.40986
-5.042598,50,1183.016256
-1.972589,50,1183.636745
-5.137404,50,1184.212609
-3.240234,50,1184.752124
-7.647286,50,1185.355681
-5.548803,50,1185.974248
-4.301805,50,1186.562585
-5.214006,50,1187.109724
-5.786038,50,1187.736566
-2.681926,50,1188.311761
-1.76055,50,1188.887382
-6.607267,50,1189.489812
-4.829042,50,1190.098949
-6.49883,50,1190.696114
-3.128525,50,1191.263246
-5.671052,50,1192.033708
-4.804154,50,1192.65551
-1.668345,50,1193.254176
-5.235636,50,1193.84935
-4.867417,50,1194.490297
-5.972958,50,1195.100292
-2.227941,50,1195.709136
-6.983575,50,1196.31406
-5.478575,50,1196.915392
-5.108959,50,1197.551438
-4.026676,50,1198.155038
-4.299288,50,1198.762878
-4.232369,50,1199.371496
-5.292606,50,1199.985547
-7.02829,50,1200.588809
-6.831146,50,1201.206504
-5.011461,50,1201.74596
-2.919608,50,1202.351016
-5.149726,50,1202.950051
-3.612626,50,1203.529344
-4.65263,50,1204.093194
-4.815224,50,1204.680417
-2.403122,50,1205.287651
-6.031725,50,1205.884973
-6.330897,50,1206.461977
-5.081246,50,1207.293743
-4.553888,50,1207.891881
-2.52091,50,1208.46123
-2.257733,50,1209.06978
-4.692486,50,1209.692484
-5.992017,50,1210.303247
-3.177346,50,1210.935147
-4.778933,50,1211.523432
-3.227018,50,1212.136997
-4.953848,50,1212.749118
-2.512714,50,1213.332704
-5.226899,50,1213.923097
-6.916951,50,1214.534253
-5.049464,50,1215.136113
-7.327689,50,1215.752938
-7.576145,50,1216.332366
-4.991185,50,1216.891155
-4.063535,50,1217.496112
-4.690118,50,1218.089924
-3.765392,50,1218.707162
-5.428483,50,1219.30374
-5.091915,50,1219.885089
-4.890354,50,1220.452632
-6.25173,50,1221.050339
-3.062368,50,1221.629808
-4.836496,50,1222.356302
-4.272529,50,1222.906868
-3.057221,50,1223.49695
-7.111942,50,1224.10712
-5.814575,50,1224.699332
-5.901284,50,1225.280582
-4.772599,50,1225.880311
-4.251737,50,1226.466653
-3.323539,50,1227.070201
-2.40636,50,1227.630073
-4.57769,50,1228.22909
-7.145203,50,1228.815251
-4.062547,50,1229.404625
-2.843509,50,1230.012243
-6.43048,50,1230.598243
-3.487669,50,1231.168479
-4.065533,50,1231.783153
-5.744306,50,1232.359577
-5.387157,50,1232.970716
-3.462916,50,1233.565684
-5.859544,50,1234.176984
-4.322884,50,1234.797881
-4.141379,50,1235.3833
-4.939953,50,1235.96961
-4.805437,50,1236.578334
-3.326038,50,1237.426296
-4.775723,50,1238.012667
-3.640583,50,1238.58909
-6.329103,50,1239.170233
-3.238078,50,1239.811759
-3.66695,50,1240.44209
-6.304667,50,1241.001458
-6.529017,50,1241.613424
-6.176638,50,1242.241662
-6.838116,50,1242.845726
-6.601351,50,1243.482898
-3.394966,50,1244.051486
-2.512625,50,1244.742993
-3.002646,50,1245.360683
-2.304486,50,1245.937297
-5.605405,50,1246.617931
-5.531188,50,1247.266757
-4.863931,50,1247.866177
-4.330277,50,1248.599217
-5.942234,50,1249.228681
-3.503352,50,1249.810198
-7.243621,50,1250.446981
-2.662469,50,1251.054662
-3.507007,50,1251.663437
-2.943266,50,1252.385038
-3.648267,50,1252.953564
-3.402424,50,1253.568006
-4.569237,50,1254.115381
-5.797,50,1254.655233
-5.080469,50,1255.224125
-4.275292,50,1255.896903
-2.953113,50,1256.538976
-6.125644,50,1257.160946
-3.580163,50,1257.730698
-4.600617,50,1258.344622
-1.746851,50,1258.908121
-3.469976,50,1259.469047
-3.802639,50,1260.070508
-4.268908,50,1260.658205
-2.361595,50,1261.255751
-5.182483,50,1261.857617
-1.67102,50,1262.434878
-5.242455,50,1263.017692
-3.396034,50,1263.637118
-4.364318,50,1264.233437
-5.891525,50,1264.811396
-4.715808,50,1265.424955
-3.117429,50,1265.99986
-3.217561,50,1266.605202
-4.658162,50,1267.460543
-3.422219,50,1268.104382
-2.552882,50,1268.754377
-3.418679,50,1269.389151
-4.551487,50,1269.96086
-5.679227,50,1270.54397
-4.754101,50,1271.120937
-5.58055,50,1271.743686
-3.254773,50,1272.315474
-2.639209,50,1272.953873
-5.317508,50,1273.72194
-4.689369,50,1274.380143
-6.191621,50,1274.987695
-6.795842,50,1275.629729
-5.693208,50,1276.245544
-4.601964,50,1276.815694
-7.068743,50,1277.379371
-4.195978,50,1277.975155
-5.730516,50,1278.553936
-1.887784,50,1279.140636
-4.601684,50,1279.752213
-3.365218,50,1280.980722
-2.917111,50,1281.6279
-5.963772,50,1282.373415
-2.80185,50,1282.989581
-2.573044,50,1283.595275
-7.450839,50,1284.219819
-4.793182,50,1284.854783
-6.142378,50,1285.482376
-3.932339,50,1286.067517
-3.224909,50,1286.677949
-6.006641,50,1287.307395
-5.380569,50,1287.876273
-3.83716,50,1288.440542
-4.294435,50,1289.065475
-6.67768,50,1289.678099
-3.081645,50,1290.284457
-2.548031,50,1290.872931
-5.775668,50,1291.496158
-8.010531,50,1292.059683
-6.889066,50,1292.63694
-2.392825,50,1293.258707
-4.034445,50,1293.835154
-7.223322,50,1294.395419
-3.860995,50,1294.95811
-3.886167,50,1295.583355
-5.904241,50,1296.208691
-2.702966,50,1296.846555
-6.588049,50,1297.601773
-3.184975,50,1298.203892
-6.022027,50,1298.846526
-4.595799,50,1299.44341
-2.243288,50,1300.035508
-3.761764,50,1300.612932
-8.000909,50,1301.240653
-4.302768,50,1301.860395
-7.146398,50,1302.441513
-4.621723,50,1303.034247
-5.659625,50,1303.605769
-6.160455,50,1304.188885
-7.934395,50,1304.762853
-3.551325,50,1305.38148
-4.589054,50,1306.006089
-6.896161,50,1306.618158
-4.203247,50,1307.224773
-7.167386,50,1307.820776
-2.846535,50,1308.485672
-4.27077,50,1309.057137
-4.134927,50,1309.658741
-5.392788,50,1310.257035
-5.406946,50,1310.879143
-2.342518,50,1311.481108
-4.882748,50,1312.191234
-5.999718,50,1312.801235
-4.12514,50,1313.361663
-5.583687,50,1313.907474
-5.595499,50,1314.481084
-2.93318,50,1315.126476
-6.582964,50,1315.748546
-5.413848,50,1316.389701
-3.262345,50,1317.023691
-5.016056,50,1317.640088
-5.121161,50,1318.265926
-7.720139,50,1318.87753
-7.407981,50,1319.514039
-4.907496,50,1320.133048
-2.932163,50,1320.694667
-5.527043,50,1321.257417
-5.285278,50,1321.838773
-3.835756,50,1322.436921
-4.005909,50,1323.050676
-3.191734,50,1323.668122
-6.788495,50,1324.282507
-3.446243,50,1324.90374
-2.240401,50,1325.5353
-3.699274,50,1326.100111
-3.025222,50,1326.755807
-7.022407,50,1327.592794
-6.563368,50,1328.203577
-4.286846,50,1328.791951
-6.160456,50,1329.377217
-5.253201,50,1329.942828
-4.461311,50,1330.526662
-6.330009,50,1331.125215
-5.794145,50,1331.695282
-3.986258,50,1332.272826
-4.79489,50,1332.879236
-4.566455,50,1333.46691
-6.318182,50,1334.021851
-4.699092,50,1334.571842
-4.833317,50,1335.184222
-3.519778,50,1335.820089
-4.114009,50,1336.423515
-5.616109,50,1337.056891
-6.04469,50,1337.685783
-4.240969,50,1338.234055
-5.301191,50,1338.779255
-4.630975,50,1339.417328
-5.688574,50,1340.064632
-7.970352,50,1340.682961
-3.000686,50,1341.310803
-6.998397,50,1342.003531
-4.939738,50,1342.649453
-3.594428,50,1343.266998
-2.495749,50,1343.853881
-4.792384,50,1344.416333
-3.363911,50,1345.038038
-5.536906,50,1345.683919
-4.040521,50,1346.255885
-3.972176,50,1346.869519
-5.15946,50,1347.451917
-2.478829,50,1348.010365
-1.1697,50,1348.638703
-3.037794,50,1349.216379
-6.242249,50,1349.823661
-4.465852,50,1350.404483
-4.447501,50,1351.014997
-3.569329,50,1351.646359
-6.946305,50,1352.260144
-5.312175,50,1352.819331
-2.537693,50,1353.413157
-4.975711,50,1354.017574
-3.733828,50,1354.640886
-4.264517,50,1355.230646
-4.843188,50,1355.83661
-2.345198,50,1356.446325
-3.116849,50,1357.225785
-3.599004,50,1357.817095
-3.147241,50,1358.397421
-4.175392,50,1358.990554
-6.008302,50,1359.559864
-5.491073,50,1360.090168
-5.882309,50,1360.646914
-6.193858,50,1361.232173
-5.296217,50,1361.831646
-3.079184,50,1362.4111
-5.846616,50,1363.014895
-5.502849,50,1363.62284
-5.369569,50,1364.213726
-5.174696,50,1364.831156
-4.129665,50,1365.46278
-2.062583,50,1366.048563
-3.864829,50,1366.589564
-6.387873,50,1367.192666
-3.988187,50,1367.815936
-4.818161,50,1368.395758
-6.216073,50,1368.961637
-6.124285,50,1369.535993
-3.715683,50,1370.136155
-5.725697,50,1370.691752
-4.151209,50,1371.300157
-3.921651,50,1372.008653
-5.98023,50,1372.624222
-6.92315,50,1373.213053
-3.329051,50,1373.811805
-7.518939,50,1374.404715
-6.228112,50,1374.993371
-3.773433,50,1375.583258
-6.146382,50,1376.188311
-3.734293,50,1376.790437
-6.73169,50,1377.408443
-5.142911,50,1378.00242
-2.999901,50,1378.599283
-3.366459,50,1379.175751
-4.206644,50,1379.763505
-7.320737,50,1380.320977
-2.81856,50,1380.884403
-5.558456,50,1381.452478
-5.035576,50,1382.018548
-6.625759,50,1382.624403
-6.254238,50,1383.249454
-2.074905,50,1383.818079
-5.175829,50,1384.425878
-5.864225,50,1384.965091
-6.815273,50,1385.555201
-4.550238,50,1386.167598
-4.885888,50,1386.783057
-6.525076,50,1387.568534
-4.194549,50,1388.195403
-7.567447,50,1388.769819
-3.31798,50,1389.345413
-7.92109,50,1389.934722
-4.410987,50,1390.537816
-6.797954,50,1391.145058
-4.218762,50,1391.761765
-6.203725,50,1392.339945
-5.404278,50,1392.948677
-6.281002,50,1393.575989
-5.214222,50,1394.161245
-4.544994,50,1394.791266
-4.985787,50,1395.370375
-3.950643,50,1395.987043
-2.99369,50,1396.592705
-2.330047,50,1397.20372
-3.966787,50,1397.826028
-5.630577,50,1398.353718
-5.62633,50,1398.968941
-4.360738,50,1399.578605
-5.085978,50,1400.222905
-7.244358,50,1400.813166
-4.628555,50,1401.432643
-4.031446,50,1402.172084
-2.211248,50,1402.792717
-5.182438,50,1403.349456
-4.372691,50,1403.979001
-4.893019,50,1404.569515
-4.119823,50,1405.194438
-4.411335,50,1405.75771
-6.052134,50,1406.325824
-2.522967,50,1406.968745
-2.867161,50,1407.618131
-3.240728,50,1408.222925
-5.221702,50,1408.862545
-5.863823,50,1409.476167
-4.996423,50,1410.046692
-4.053589,50,1410.647764
-2.112465,50,1411.268054
-3.332371,50,1411.903366
-5.341869,50,1412.525479
-4.894299,50,1413.101953
-3.29052,50,1413.707219
-5.519204,50,1414.236176
-5.245854,50,1414.848254
-5.835184,50,1415.412691
-6.90565,50,1415.985836
-4.353599,50,1416.610647
-3.979229,50,1417.465381
-5.418494,50,1418.071518
-4.419012,50,1418.700236
-5.759388,50,1419.263091
-6.095918,50,1419.817617
-4.421228,50,1420.423766
-4.950126,50,1421.00329
-7.05505,50,1421.536037
-3.27109,50,1422.14803
-4.603191,50,1422.702392
-5.918283,50,1423.324414
-4.39322,50,1423.878079
-4.601182,50,1424.46404
-3.452252,50,1425.065927
-4.441736,50,1425.682166
-3.571664,50,1426.248653
-3.759631,50,1426.849214
-3.715105,50,1427.422893
-3.405248,50,1428.061016
-1.881616,50,1428.66492
-2.409907,50,1429.286417
-5.067554,50,1429.903421
-3.576635,50,1430.454096
-7.544203,50,1431.045299
-2.017661,50,1431.626912
-6.685813,50,1432.355548
-1.68105,50,1432.901769
-6.876595,50,1433.505897
-3.352368,50,1434.127709
-3.747759,50,1434.74254
-4.145726,50,1435.334784
-2.478391,50,1435.970533
-1.935592,50,1436.564385
-5.65965,50,1437.172161
-5.88866,50,1437.778163
-2.575692,50,1438.415362
-3.973667,50,1439.023149
-4.396108,50,1439.591415
-5.80883,50,1440.205877
-6.432549,50,1440.767093
-2.448101,50,1441.400359
-6.431983,50,1441.970739
-4.201348,50,1442.552443
-2.170807,50,1443.094432
-5.446906,50,1443.717778
-4.324611,50,1444.353611
-3.918865,50,1444.9415
-4.952669,50,1445.544622
-5.545067,50,1446.166377
-5.591892,50,1446.773804
-2.080251,50,1447.581909
-4.432258,50,1448.136309
-5.849387,50,1448.739953
-3.708385,50,1449.338947
-5.184776,50,1449.892355
-4.109095,50,1450.435675
-3.300196,50,1451.081718
-5.978387,50,1451.669921
-6.371426,50,1452.253979
-6.076905,50,1452.839217
-3.885154,50,1453.443612
-3.153188,50,1454.025814
-5.476215,50,1454.614697
-5.380521,50,1455.194207
-4.324128,50,1455.801701
-5.599233,50,1456.392899
-6.774399,50,1457.022791
-4.476389,50,1457.577436
-6.490827,50,1458.1809
-4.79728,50,1458.74312
-5.063068,50,1459.353232
-3.570424,50,1459.975057
-2.439846,50,1460.620111
-3.948274,50,1461.264836
-4.501355,50,1461.972453
-3.004756,50,1462.597562
-4.852962,50,1463.237794
-6.718955,50,1463.817366
-4.353123,50,1464.425778
-6.077103,50,1464.980908
-3.63721,50,1465.58527
-5.523236,50,1466.202097
-1.857069,50,1466.780878
-3.480944,50,1467.323748
-5.176969,50,1467.891405
-5.527359,50,1468.462825
-4.197581,50,1469.04909
-6.138149,50,1469.63162
-6.245297,50,1470.17446
-7.932322,50,1470.812439
-3.51171,50,1471.428177
-5.580299,50,1472.003038
-4.778116,50,1472.625347
-2.801621,50,1473.236561
-3.546926,50,1473.859906
-3.987218,50,1474.4498
-4.860418,50,1475.017686
-4.628879,50,1475.542256
-3.061883,50,1476.089505
-5.645447,50,1476.705595
-5.339076,50,1477.512383
-7.327007,50,1478.062186
-5.073968,50,1478.671226
-1.716551,50,1479.25754
-5.281193,50,1479.910754
-7.592642,50,1480.493323
-3.373433,50,1481.094755
-2.404288,50,1481.779109
-5.376354,50,1482.404076
-4.529114,50,1483.055292
-6.796913,50,1483.630892
-3.841121,50,1484.16936
-4.952742,50,1484.752866
-6.272598,50,1485.35669
-5.727514,50,1485.997236
-2.640211,50,1486.612498
-4.5195,50,1487.208173
-3.130735,50,1487.816595
-6.01646,50,1488.378005
-4.211839,50,1489.007457
-4.07934,50,1489.607098
-4.656488,50,1490.19782
-5.581231,50,1490.808712
-5.64592,50,1491.394563
-4.468857,50,1492.103696
-6.006419,50,1492.734396
-4.323073,50,1493.340754
-4.426356,50,1493.972684
-3.065931,50,1494.626673
-6.25769,50,1495.190172
-2.485286,50,1495.799256
-3.242862,50,1496.410121
-7.069236,50,1497.052543
-2.954278,50,1497.617712
-4.733681,50,1498.229118
-5.548656,50,1498.844224
-3.422934,50,1499.44004
-4.578452,50,1500.025084
-5.320008,50,1500.595129
-4.031774,50,1501.170604
-6.927703,50,1501.780341
-5.693636,50,1502.361666
-5.274555,50,1502.973552
-4.081243,50,1503.564165
-2.571745,50,1504.138218
-6.311122,50,1504.751285
-4.454371,50,1505.31628
-4.590385,50,1505.91262
-3.854064,50,1506.491344
-5.168037,50,1507.229804
-2.467302,50,1507.828382
-3.493996,50,1508.420857
-5.975027,50,1509.049798
-4.401663,50,1509.649397
-6.344095,50,1510.247001
-4.0069,50,1510.832849
-6.890288,50,1511.432059
-6.064039,50,1511.992254
-4.212643,50,1512.556517
-5.263809,50,1513.154672
-4.307935,50,1513.776167
-3.878443,50,1514.383357
-3.383037,50,1515.044762
-4.286762,50,1515.667271
-5.281573,50,1516.323855
-6.50967,50,1516.906909
-2.493541,50,1517.521858
-6.174163,50,1518.119848
-5.929369,50,1518.689869
-2.936146,50,1519.278317
-4.526956,50,1519.869261
-4.07639,50,1520.460138
-5.145267,50,1521.097649
-4.366332,50,1521.726799
-5.988601,50,1522.482646
-5.624094,50,1523.09432
-3.533606,50,1523.724694
-4.671549,50,1524.332355
-5.258421,50,1524.958435
-2.158247,50,1525.549429
-4.24337,50,1526.154884
-4.57807,50,1526.723989
-3.777994,50,1527.326038
-6.787549,50,1527.887875
-6.927683,50,1528.456086
-6.775283,50,1529.061325
-5.088784,50,1529.690593
-7.127111,50,1530.275461
-1.811891,50,1530.882554
-5.655139,50,1531.521424
-4.04976,50,1532.113034
-7.54509,50,1532.704307
-2.9503,50,1533.337458
-6.032252,50,1533.933914
-4.015881,50,1534.502933
-4.542233,50,1535.062304
-5.655539,50,1535.692233
-6.18365,50,1536.308275
-3.730903,50,1537.002295
-3.609035,50,1537.697207
-6.400762,50,1538.300321
-3.179498,50,1538.904613
-3.689645,50,1539.48
-3.909904,50,1540.092691
-3.808132,50,1540.716458
-3.728565,50,1541.318824
-3.11056,50,1541.910212
-4.44728,50,1542.518248
-2.034276,50,1543.144434
-3.873108,50,1543.751358
-4.624452,50,1544.350568
-4.858559,50,1544.906742
-6.618341,50,1545.515272
-5.341454,50,1546.087803
-6.667263,50,1546.710764
-6.300328,50,1547.373059
-1.402218,50,1547.992577
-4.597003,50,1548.570091
-6.766669,50,1549.210005
-3.001784,50,1549.802516
-2.611025,50,1550.364684
-6.478794,50,1550.9663
-6.058745,50,1551.564027
-5.322311,50,1552.270188
-5.690175,50,1552.871246
-3.663204,50,1553.471292
-4.91545,50,1554.039305
-6.204115,50,1554.546906
-5.373323,50,1555.171464
-4.03196,50,1555.788512
-2.921292,50,1556.379227
-4.73869,50,1556.999129
-5.087768,50,1557.60402
-2.424914,50,1558.129526
-5.934463,50,1558.706609
-1.860944,50,1559.316869
-4.451543,50,1559.912281
-4.119289,50,1560.507772
-6.33232,50,1561.089983
-4.573101,50,1561.694232
-3.589572,50,1562.280701
-5.025542,50,1562.879763
-3.765801,50,1563.450087
-3.500436,50,1564.070908
-5.058943,50,1564.657806
-4.641133,50,1565.283124
-4.9144,50,1565.87742
-4.801405,50,1566.495941
-4.604188,50,1567.331878
-3.179898,50,1567.918862
-2.861674,50,1568.524051
-5.397831,50,1569.141391
-2.580089,50,1569.762169
-3.989276,50,1570.348758
-5.713715,50,1570.95288
-3.90736,50,1571.539167
-3.651908,50,1572.163623
-5.297163,50,1572.795279
-3.708764,50,1573.399751
-5.012345,50,1574.002297
-6.147428,50,1574.630777
-5.90344,50,1575.261835
-3.704169,50,1575.865649
-4.592419,50,1576.476594
-5.286286,50,1577.146712
-2.947206,50,1577.718556
-2.635831,50,1578.348344
-5.787816,50,1578.893068
-6.419029,50,1579.449029
-4.230952,50,1580.085581
-3.56984,50,1580.699349
-6.591253,50,1581.282598
-6.900905,50,1581.891392
-7.456648,50,1582.591069
-4.141345,50,1583.203207
-3.831323,50,1583.78654
-7.724319,50,1584.371295
-4.384593,50,1584.973249
-5.33402,50,1585.547953
-3.878536,50,1586.159973
-3.522451,50,1586.742163
-2.910558,50,1587.349729
-3.739508,50,1587.944973
-3.475396,50,1588.537097
-4.309808,50,1589.167133
-3.366681,50,1589.811137
-2.484441,50,1590.423181
-4.061063,50,1591.009886
-4.116127,50,1591.604162
-5.588255,50,1592.170678
-2.574933,50,1592.785168
-4.673484,50,1593.354508
-4.814916,50,1593.994037
-5.407957,50,1594.530043
-6.038005,50,1595.129471
-4.354349,50,1595.671272
-6.066076,50,1596.268818
-4.211334,50,1596.847012
-3.379807,50,1597.666606
-5.609683,50,1598.280583
-3.071367,50,1598.865798
-3.58815,50,1599.467319
-5.541415,50,1600.045148
-2.867484,50,1600.625222
-6.22829,50,1601.235395
-2.948618,50,1601.828263
-2.704849,50,1602.428847
-3.03712,50,1603.028023
-5.466414,50,1603.642818
-5.534479,50,1604.219582
-5.135897,50,1604.75052
-5.371028,50,1605.323029
-6.90609,50,1605.942415
-2.503753,50,1606.531473
-3.509699,50,1607.140269
-4.421482,50,1607.748256
-4.887116,50,1608.353092
-2.840729,50,1608.96481
-4.014977,50,1609.541754
-4.497645,50,1610.102125
-3.686587,50,1610.744555
-5.266706,50,1611.352851
-3.919472,50,1612.037926
-3.970563,50,1612.685599
-5.760265,50,1613.283838
-5.096476,50,1613.910368
-5.717872,50,1614.480415
-5.833581,50,1615.089091
-6.415721,50,1615.706367
-4.454338,50,1616.301507
-6.876449,50,1616.911987
-6.565494,50,1617.482453
-3.364915,50,1618.094138
-4.929415,50,1618.69682
-3.460158,50,1619.277911
-3.062364,50,1619.883855
-6.945831,50,1620.513924
-6.229884,50,1621.114278
-4.371904,50,1621.764508
-2.556158,50,1622.360225
-3.836858,50,1622.928921
-5.312088,50,1623.557163
-5.535515,50,1624.142541
-5.390378,50,1624.744492
-3.609,50,1625.283653
-5.822945,50,1625.858545
-3.287468,50,1626.45231
-5.380729,50,1627.188244
-1.799548,50,1627.84395
-7.277997,50,1628.448098
-4.445233,50,1629.060784
-4.238023,50,1629.640379
-4.647436,50,1630.270069
-6.491169,50,1630.824672
-6.261326,50,1631.408248
-3.144185,50,1631.983216
-5.447407,50,1632.625749
-4.241316,50,1633.244884
-5.353622,50,1633.854888
-3.923851,50,1634.445085
-2.270312,50,1635.10494
-4.959309,50,1635.703496
-3.23169,50,1636.302951
-4.549835,50,1636.867514
-3.792648,50,1637.431209
-5.979231,50,1638.001436
-4.157318,50,1638.569239
-3.422065,50,1639.205725
-5.096869,50,1639.830893
-2.851408,50,1640.428739
-4.595561,50,1641.07213
-6.598648,50,1641.679304
-6.853799,50,1642.37095
-3.104747,50,1643.001506
-4.195921,50,1643.620736
-5.337838,50,1644.236491
-7.523753,50,1644.879331
-5.65988,50,1645.486454
-5.823051,50,1646.092427
-3.746493,50,1646.766012
-3.753827,50,1647.539428
-4.931672,50,1648.170594
-4.658045,50,1648.765262
-4.256024,50,1649.355669
-3.95432,50,1650.007196
-3.812999,50,1650.583956
-3.067792,50,1651.1945
-2.751559,50,1651.818164
-5.7201,50,1652.355224
-5.427337,50,1652.956791
-2.206143,50,1653.588107
-5.679997,50,1654.189836
-5.159353,50,1654.815745
-5.962912,50,1655.409454
-3.843555,50,1655.984014
-5.436028,50,1656.539583
-2.614154,50,1657.327938
-5.568959,50,1657.934328
-2.449321,50,1658.552342
-6.40918,50,1659.179227
-6.21765,50,1659.781126
-3.848633,50,1660.342567
-2.782232,50,1660.934793
-4.414731,50,1661.559961
-1.93408,50,1662.206333
-3.230307,50,1662.828663
-4.521258,50,1663.405104
-4.542298,50,1663.967992
-5.620204,50,1664.574731
-6.222448,50,1665.143914
-4.000119,50,1665.750115
-7.250653,50,1666.34604
-4.912921,50,1666.955871
-4.194719,50,1667.507347
-3.758664,50,1668.133084
-3.092326,50,1668.760852
-3.771544,50,1669.356151
-6.498243,50,1669.970804
-7.849952,50,1670.584962
-4.951241,50,1671.222962
-4.978536,50,1671.843187
-2.581417,50,1672.602792
-3.259545,50,1673.194141
-7.035795,50,1673.789849
-2.819016,50,1674.391911
-5.074562,50,1674.989905
-1.713655,50,1675.601059
-6.33722,50,1676.191308
-5.769379,50,1676.836896
-4.059029,50,1677.466436
-5.505364,50,1678.089434
-7.410559,50,1678.645281
-3.787277,50,1679.228945
-6.538575,50,1679.805516
-4.673977,50,1680.386792
-3.040482,50,1681.000483
-4.836648,50,1681.620275
-3.423589,50,1682.202901
-2.891945,50,1682.790216
-3.152764,50,1683.391275
-4.141907,50,1684.0153
-2.903807,50,1684.588976
-7.135377,50,1685.186779
-4.08806,50,1685.769017
-3.508791,50,1686.378335
-3.118473,50,1687.074192
-4.583562,50,1687.756416
-3.165365,50,1688.37863
-3.075223,50,1689.000461
-6.344108,50,1689.590467
-4.116943,50,1690.203335
-6.283567,50,1690.817914
-4.84137,50,1691.406749
-3.777412,50,1692.00665
-5.251978,50,1692.637635
-6.55181,50,1693.247898
-6.258152,50,1693.880642
-2.893758,50,1694.48339
-6.449306,50,1695.08816
-5.478376,50,1695.691337
-3.804308,50,1696.299173
-5.11538,50,1696.909189
-3.312049,50,1697.49885
-4.868348,50,1698.096387
-6.194066,50,1698.698548
-2.893158,50,1699.281987
-4.746413,50,1699.860064
-2.392664,50,1700.447075
-3.021651,50,1701.068555
-3.699928,50,1701.705409
-2.655459,50,1702.403011
-4.072083,50,1703.019133
-2.861908,50,1703.611668
-4.398349,50,1704.172766
-4.834462,50,1704.753638
-4.871662,50,1705.373675
-4.393044,50,1705.998401
-3.837148,50,1706.595373
-4.945883,50,1707.225958
-4.996348,50,1707.835287
-4.942575,50,1708.443618
-5.148763,50,1709.064632
-5.377262,50,1709.675421
-4.70996,50,1710.276304
-4.31297,50,1710.911489
-7.077431,50,1711.50054
-4.219131,50,1712.109298
-3.653607,50,1712.625768
-2.661496,50,1713.216302
-4.417985,50,1713.825537
-2.66391,50,1714.437092
-3.921545,50,1715.075725
-6.707813,50,1715.670722
-5.576375,50,1716.258618
-5.87713,50,1716.840571
-5.318104,50,1717.665628
-3.195669,50,1718.273499
-6.492904,50,1718.83992
-6.126189,50,1719.447865
-7.406939,50,1720.066045
-5.885394,50,1720.678702
-7.073862,50,1721.258278
-6.190347,50,1721.915928
-6.544128,50,1722.491627
-4.574139,50,1723.139844
-4.873787,50,1723.718402
-2.944688,50,1724.301228
-3.109431,50,1724.88511
-3.431991,50,1725.543048
-6.234077,50,1726.154408
-3.168681,50,1726.765798
-5.740778,50,1727.390964
-3.11379,50,1728.021611
-3.228109,50,1728.636661
-3.298105,50,1729.254568
-4.826104,50,1729.852306
-3.322447,50,1730.458284
-3.772732,50,1731.014701
-6.517908,50,1731.554121
-3.458728,50,1732.301981
-5.928932,50,1732.924061
-4.756671,50,1733.468806
-2.004613,50,1734.050652
-3.09951,50,1734.640206
-2.726969,50,1735.302768
-2.73595,50,1735.888099
-2.878265,50,1736.436528
-4.356639,50,1737.050516
-7.149634,50,1737.62162
-6.550616,50,1738.211846
-3.571161,50,1738.852352
-5.895892,50,1739.422044
-3.891656,50,1740.016784
-5.378087,50,1740.633203
-6.686936,50,1741.219459
-6.172583,50,1741.807603
-5.944493,50,1742.469857
-4.356365,50,1743.067552
-5.525539,50,1743.703932
-1.519875,50,1744.3053
-3.330532,50,1744.936862
-2.335896,50,1745.569565
-6.11274,50,1746.177071
-7.733994,50,1746.773066
-2.557822,50,1747.587948
-4.089356,50,1748.189322
-7.167872,50,1748.813658
-4.75083,50,1749.414292
-3.581194,50,1750.008264
-3.290666,50,1750.629647
-4.157208,50,1751.221595
-7.657562,50,1751.788726
-3.339057,50,1752.406641
-6.217017,50,1752.928891
-4.531714,50,1753.523971
-4.237165,50,1754.111047
-5.145087,50,1754.719034
-6.223417,50,1755.305907
-3.82038,50,1755.955549
-6.649295,50,1756.533312
-4.963811,50,1757.162858
-5.705809,50,1757.775234
-4.969182,50,1758.391765
-5.856962,50,1759.015248
-5.405354,50,1759.668304
-5.00706,50,1760.27608
-3.973083,50,1760.89443
-5.938438,50,1761.494108
-2.496956,50,1762.253489
-5.229254,50,1762.813969
-3.422088,50,1763.385273
-6.735583,50,1763.937696
-5.58313,50,1764.512945
-4.3472,50,1765.100217
-5.481087,50,1765.671269
-7.033804,50,1766.297666
-4.754238,50,1766.955287
-4.943617,50,1767.570106
-5.940436,50,1768.166469
-4.983046,50,1768.809658
-3.283212,50,1769.423079
-5.870148,50,1770.077926
-6.358345,50,1770.687181
-5.85808,50,1771.300393
-2.901047,50,1771.919138
-4.436292,50,1772.548679
-3.586746,50,1773.156031
-3.95834,50,1773.735232
-5.259604,50,1774.368112
-3.350045,50,1774.963155
-3.636442,50,1775.617039
-4.396651,50,1776.248903
-5.962156,50,1776.86096
-2.958551,50,1777.671829
-4.259062,50,1778.28947
-6.511629,50,1778.868503
-3.485457,50,1779.483189
-3.432151,50,1780.084503
-4.698666,50,1780.648798
-5.576965,50,1781.241551
