#{"t_start": 1767048764.4368377, "env_id": "Reacher-v4"}
r,l,t
-37.709291,50,0.959312
-48.508605,50,0.973812
-41.270168,50,1.458349
-36.048204,50,1.938609
-44.64229,50,2.43203
-36.738686,50,2.909616
-43.313198,50,3.39874
-34.31807,50,3.912683
-39.718872,50,4.515157
-32.498171,50,5.014476
-32.513647,50,5.53914
-36.779266,50,6.130875
-39.339705,50,6.74205
-32.873178,50,7.367727
-34.296397,50,7.945821
-35.705592,50,8.574481
-29.167019,50,9.193697
-34.086208,50,9.831978
-36.037813,50,10.376363
-33.605495,50,11.059381
-38.406604,50,11.749114
-31.311212,50,12.416242
-32.198303,50,13.116232
-34.668611,50,13.748447
-33.070419,50,14.357704
-30.947152,50,15.193845
-30.537603,50,15.89718
-34.799332,50,16.509824
-35.632884,50,17.214871
-34.467542,50,17.951344
-33.313372,50,18.631421
-36.207119,50,19.338592
-32.415027,50,20.01766
-27.267503,50,20.664917
-29.521148,50,21.359352
-36.982005,50,22.063012
-33.794425,50,22.680985
-33.197513,50,23.336142
-36.2125,50,24.01504
-32.419701,50,24.649763
-31.336118,50,25.401702
-33.023142,50,26.114058
-34.214112,50,26.733674
-27.014664,50,27.448753
-32.635392,50,28.113024
-30.768582,50,28.744669
-27.555927,50,29.495248
-26.574837,50,30.182037
-25.534732,50,30.895427
-27.317502,50,31.576347
-36.398386,50,32.275636
-25.285347,50,32.976078
-28.581933,50,33.87377
-25.06488,50,34.48954
-24.856495,50,35.141054
-29.719747,50,35.690547
-26.189311,50,36.342138
-25.538899,50,37.003648
-28.868913,50,37.585297
-29.058984,50,38.12308
-23.371759,50,38.653427
-26.912008,50,39.173918
-23.598552,50,39.698103
-27.706374,50,40.192408
-21.576959,50,40.752158
-25.667528,50,41.287612
-19.380053,50,41.829903
-26.439024,50,42.359784
-27.177304,50,42.921651
-26.335774,50,43.46035
-22.630449,50,44.004154
-27.787887,50,44.52972
-23.888292,50,45.051365
-21.650313,50,45.623909
-22.534222,50,46.143665
-19.936428,50,46.681464
-20.814713,50,47.206586
-22.404362,50,47.735941
-23.425567,50,48.269785
-25.303955,50,48.809072
-25.2543,50,49.350383
-18.736192,50,49.936348
-15.33725,50,50.476034
-18.336048,50,50.985729
-18.716747,50,51.53696
-26.940653,50,52.058215
-19.013778,50,52.592441
-24.513246,50,53.137827
-19.724823,50,53.655897
-22.306254,50,54.165343
-16.917736,50,54.702956
-18.934506,50,55.227858
-15.160269,50,55.799388
-17.365354,50,56.329755
-21.570699,50,56.860137
-17.212808,50,57.372966
-23.632867,50,57.919529
-15.702429,50,58.442324
-13.049547,50,58.982843
-18.010572,50,59.514547
-19.622389,50,60.055321
-15.559975,50,60.600058
-18.098532,50,61.12354
-16.699849,50,61.643929
-16.578979,50,62.172187
-18.021241,50,62.696229
-15.164328,50,63.225157
-21.145166,50,63.771711
-15.666576,50,64.307492
-13.422008,50,64.84582
-20.476294,50,65.384397
-16.829377,50,65.909289
-17.213853,50,66.461457
-14.646519,50,66.977023
-12.68711,50,67.514481
-16.344886,50,68.035392
-14.150314,50,68.560277
-19.580794,50,69.067268
-11.473037,50,69.626462
-12.648898,50,70.183437
-9.500785,50,70.716279
-16.714373,50,71.276629
-17.751279,50,71.811389
-15.384986,50,72.314116
-19.905317,50,72.854242
-9.900254,50,73.384893
-13.622642,50,73.921977
-17.872122,50,74.450075
-12.030499,50,74.992676
-12.70296,50,75.525648
-11.489592,50,76.046591
-20.382058,50,76.566534
-17.747718,50,77.100492
-14.542213,50,77.648616
-11.251485,50,78.171519
-11.14582,50,78.697986
-19.169916,50,79.231434
-13.249162,50,79.757013
-9.720025,50,80.279254
-16.612604,50,80.795759
-14.012496,50,81.316893
-16.090546,50,81.842647
-13.433473,50,82.368016
-16.473136,50,82.881586
-15.070033,50,83.41228
-14.452154,50,83.931864
-12.256852,50,84.447412
-13.155853,50,84.96535
-8.596199,50,85.486229
-9.531818,50,86.023086
-12.03944,50,86.555075
-7.85982,50,87.078954
-11.22756,50,87.623556
-6.898375,50,88.161446
-12.952522,50,88.671913
-10.98058,50,89.197063
-10.823605,50,89.765485
-8.716359,50,90.2799
-8.351927,50,90.785402
-11.34352,50,91.312595
-11.773046,50,91.848365
-14.500676,50,92.376359
-9.780968,50,92.909148
-8.23542,50,93.404724
-6.349766,50,93.931976
-7.83366,50,94.473135
-10.886332,50,94.97252
-9.937989,50,95.510024
-10.661768,50,96.028736
-14.211037,50,96.569834
-9.395395,50,97.100648
-4.321396,50,97.635081
-9.562918,50,98.183091
-7.482775,50,98.716226
-10.459692,50,99.23277
-9.343801,50,99.780181
-6.693779,50,100.334188
-9.338554,50,100.851004
-10.340868,50,101.382166
-9.859218,50,101.924556
-3.767133,50,102.4625
-6.465908,50,102.983011
-13.949311,50,103.52662
-9.680092,50,104.03994
-8.005911,50,104.590425
-8.062273,50,105.105842
-13.04994,50,105.615868
-6.003178,50,106.142439
-9.746749,50,106.674137
-10.029147,50,107.226725
-11.014064,50,107.752799
-7.925021,50,108.278022
-8.456667,50,108.819458
-7.932977,50,109.343176
-10.327074,50,109.879305
-9.535567,50,110.411601
-7.087658,50,110.941163
-8.663619,50,111.480525
-11.764321,50,112.007233
-9.788926,50,112.563632
-7.731722,50,113.099712
-12.380955,50,113.624599
-6.191039,50,114.144635
-8.556953,50,114.663585
-8.367195,50,115.22446
-8.251133,50,115.763943
-6.769674,50,116.290746
-7.280216,50,116.818264
-5.479122,50,117.365883
-6.425457,50,117.864678
-7.856722,50,118.40171
-12.848881,50,118.93575
-7.665482,50,119.469928
-5.616275,50,120.017642
-7.507134,50,120.54229
-4.797636,50,121.06348
-6.607461,50,121.588365
-8.974758,50,122.113513
-9.21455,50,122.645056
-8.359828,50,123.14823
-7.712934,50,123.684971
-7.538096,50,124.215533
-4.295053,50,124.736482
-6.151144,50,125.28898
-6.692701,50,125.877028
-7.957914,50,126.408032
-4.918991,50,126.931731
-5.907857,50,127.471592
-7.982182,50,128.01995
-7.423672,50,128.54157
-7.261805,50,129.06277
-6.582824,50,129.576999
-5.36088,50,130.117556
-8.518994,50,130.645796
-6.642155,50,131.183054
-6.20458,50,131.72262
-10.74827,50,132.259473
-4.304633,50,132.778375
-6.53904,50,133.279783
-7.456908,50,133.778524
-7.857808,50,134.330079
-7.093229,50,134.871525
-7.446562,50,135.397569
-6.569334,50,135.917916
-6.364563,50,136.45653
-15.075507,50,136.985809
-5.222867,50,137.50589
-12.329481,50,138.029677
-6.303559,50,138.565121
-6.464182,50,139.090768
-8.375235,50,139.632272
-8.309435,50,140.150281
-10.166507,50,140.688782
-3.740919,50,141.228105
-10.076378,50,141.746892
-5.359315,50,142.346954
-6.618651,50,142.90894
-7.456104,50,143.465721
-6.592583,50,144.015634
-4.596371,50,144.592632
-8.378488,50,145.146713
-7.534896,50,145.707393
-5.654984,50,146.225837
-3.639021,50,146.749442
-4.996623,50,147.29283
-6.519428,50,147.806373
-4.195805,50,148.34582
-6.622605,50,148.929681
-5.754748,50,149.477589
-5.394786,50,150.00506
-6.007051,50,150.542246
-4.233021,50,151.072132
-6.670664,50,151.610959
-2.259152,50,152.128208
-4.952668,50,152.655436
-6.997592,50,153.200221
-9.198188,50,153.746015
-4.952783,50,154.32129
-5.311791,50,154.880783
-5.275889,50,155.441913
-5.207133,50,155.996835
-5.391113,50,156.516553
-4.557388,50,157.058889
-5.958062,50,157.57833
-5.522435,50,158.115459
-5.990751,50,158.628407
-5.549268,50,159.15511
-4.092431,50,159.666356
-5.207928,50,160.230679
-9.027356,50,160.759919
-10.304797,50,161.276926
-6.073905,50,161.787131
-5.819574,50,162.323624
-5.46825,50,162.857587
-3.554267,50,163.417644
-4.784491,50,163.932184
-8.284634,50,164.471565
-9.121582,50,165.00714
-8.062558,50,165.534444
-4.745634,50,166.073244
-6.73581,50,166.623364
-5.133837,50,167.156401
-6.084918,50,167.686423
-4.442268,50,168.203155
-3.292819,50,168.733482
-5.457294,50,169.269766
-6.818025,50,169.798639
-7.055408,50,170.309327
-5.315392,50,170.827551
-3.133949,50,171.337899
-2.663005,50,171.862371
-5.009519,50,172.430908
-5.291592,50,172.965811
-7.080558,50,173.497033
-3.29552,50,174.011658
-7.402184,50,174.549237
-4.700885,50,175.104982
-5.27475,50,175.63336
-9.996794,50,176.204649
-5.181507,50,176.743475
-3.844571,50,177.28036
-6.8465,50,177.809533
-8.585126,50,178.360258
-5.126568,50,178.892219
-3.908713,50,179.4189
-5.183598,50,179.975815
-7.930897,50,180.533653
-5.66287,50,181.056594
-3.688308,50,181.594106
-5.000925,50,182.112595
-5.344863,50,182.645662
-8.01517,50,183.178998
-8.325,50,183.701403
-9.026722,50,184.226417
-8.761836,50,184.741486
-3.545103,50,185.298472
-6.612432,50,185.851602
-4.649234,50,186.359252
-5.147351,50,186.884779
-6.657934,50,187.41652
-5.250498,50,187.948416
-10.150763,50,188.498189
-3.550664,50,189.034341
-5.248617,50,189.62585
-2.924239,50,190.156031
-7.286079,50,190.651347
-8.85079,50,191.190761
-3.066403,50,191.712905
-8.278887,50,192.249905
-5.770699,50,192.75506
-5.203724,50,193.280129
-4.092002,50,193.784449
-7.641149,50,194.319498
-3.200682,50,194.828779
-8.704062,50,195.335848
-5.985673,50,195.871055
-5.535033,50,196.413876
-2.084798,50,196.947247
-8.058374,50,197.503302
-5.03509,50,198.031929
-7.215044,50,198.57351
-7.439039,50,199.12332
-5.749819,50,199.648039
-3.000549,50,200.181891
-5.235415,50,200.727277
-5.574772,50,201.257503
-4.968602,50,201.777236
-4.853457,50,202.304046
-4.698532,50,202.8364
-8.147885,50,203.352388
-6.746874,50,203.873139
-5.708201,50,204.376653
-10.856511,50,204.917981
-6.279272,50,205.448619
-5.266383,50,206.004125
-4.479168,50,206.533801
-8.293199,50,207.061966
-5.360517,50,207.571913
-9.516239,50,208.085015
-5.526357,50,208.610083
-3.841452,50,209.146228
-7.975882,50,209.673212
-3.503325,50,210.18344
-3.656165,50,210.723525
-6.20498,50,211.257744
-3.326424,50,211.765778
-5.089717,50,212.281009
-4.900781,50,212.807051
-4.205171,50,213.353658
-4.268181,50,213.881479
-5.498693,50,214.388424
-4.467462,50,214.895738
-6.091585,50,215.415447
-7.38602,50,215.935537
-3.924972,50,216.456621
-9.212913,50,216.982043
-9.263382,50,217.524183
-9.100233,50,218.036693
-3.718255,50,218.55836
-4.247308,50,219.076008
-5.215476,50,219.622318
-4.284726,50,220.148394
-7.799912,50,220.655514
-10.22142,50,221.173115
-3.88031,50,221.700776
-4.093063,50,222.231468
-5.295166,50,222.760562
-3.592479,50,223.277017
-5.165429,50,223.807325
-4.409917,50,224.33965
-4.078608,50,224.860782
-6.13947,50,225.369601
-4.360223,50,225.890797
-3.621013,50,226.407861
-5.935765,50,226.932882
-4.191319,50,227.441965
-4.589242,50,227.962554
-9.513566,50,228.471064
-6.354298,50,228.961818
-5.019874,50,229.484658
-5.638507,50,230.020001
-3.104165,50,230.502779
-2.589944,50,231.034355
-5.108333,50,231.525285
-4.625398,50,232.041719
-4.982455,50,232.585975
-5.48577,50,233.10197
-5.617104,50,233.630025
-3.763005,50,234.173807
-4.506713,50,234.698039
-8.097899,50,235.222032
-5.581628,50,235.746367
-6.005338,50,236.268937
-3.805281,50,236.780484
-6.102621,50,237.332031
-9.712838,50,237.848204
-4.26251,50,238.352351
-4.984404,50,238.852512
-3.551093,50,239.37894
-6.217771,50,239.896556
-5.297483,50,240.431274
-4.398191,50,240.956495
-8.241684,50,241.474905
-6.066737,50,241.988243
-4.055015,50,242.517511
-7.451388,50,243.050297
-5.248285,50,243.582722
-2.93246,50,244.110066
-4.63625,50,244.633299
-4.2432,50,245.183666
-7.027559,50,245.735664
-6.597925,50,246.257997
-7.084353,50,246.809849
-2.602489,50,247.339187
-4.65512,50,247.878664
-4.780062,50,248.394384
-5.296944,50,248.929566
-3.801775,50,249.435239
-5.061278,50,249.963668
-7.815305,50,250.510151
-7.187848,50,251.066953
-5.430277,50,251.62168
-5.855764,50,252.176498
-4.063664,50,252.712253
-1.857274,50,253.252084
-7.421036,50,253.79786
-6.715177,50,254.352863
-5.48986,50,254.876325
-2.656258,50,255.404766
-6.559495,50,255.931625
-5.875085,50,256.47623
-5.594474,50,257.020509
-3.838745,50,257.558631
-5.121495,50,258.124484
-5.340254,50,258.637355
-7.621846,50,259.184047
-4.47912,50,259.706643
-4.513609,50,260.247442
-4.717775,50,260.766883
-4.824893,50,261.276997
-7.144822,50,261.837876
-2.629936,50,262.332904
-5.046835,50,262.844612
-7.146998,50,263.361396
-5.800053,50,263.908958
-4.675631,50,264.405718
-4.187774,50,264.921628
-5.606441,50,265.430142
-4.912395,50,265.950553
-6.840449,50,266.502263
-3.398094,50,267.063457
-4.378077,50,267.598829
-6.803024,50,268.114933
-5.280244,50,268.629759
-4.471441,50,269.155035
-5.535943,50,269.691709
-6.592668,50,270.226034
-8.736865,50,270.792348
-5.728713,50,271.328278
-5.187457,50,271.859802
-4.666217,50,272.396476
-3.563355,50,272.926737
-3.319859,50,273.486388
-7.399563,50,274.008843
-4.874036,50,274.561825
-3.972732,50,275.108799
-5.056347,50,275.659209
-5.804283,50,276.16629
-3.974915,50,276.70145
-6.705144,50,277.222957
-5.643009,50,277.773924
-3.59756,50,278.303798
-3.87342,50,278.852062
-5.314396,50,279.374563
-2.862579,50,279.901917
-6.580198,50,280.451471
-7.374281,50,280.995485
-3.344212,50,281.503704
-6.11105,50,282.004783
-4.261035,50,282.516995
-6.254004,50,283.07087
-6.003184,50,283.583313
-5.190185,50,284.075941
-5.306197,50,284.621779
-6.049974,50,285.151957
-4.556801,50,285.669727
-6.216867,50,286.200526
-5.102303,50,286.725465
-7.17659,50,287.277406
-8.72998,50,287.81872
-5.448235,50,288.366799
-5.284453,50,288.903229
-4.423146,50,289.447275
-3.098135,50,290.02325
-6.059334,50,290.526705
-5.540167,50,291.058277
-6.207063,50,291.601075
-6.374585,50,292.129751
-5.911052,50,292.660647
-5.61964,50,293.184412
-8.110999,50,293.72764
-6.772425,50,294.222802
-3.495418,50,294.743513
-5.655586,50,295.254459
-5.19568,50,295.825769
-3.160948,50,296.366122
-2.60392,50,296.879947
-7.090597,50,297.412856
-3.969263,50,297.961168
-6.660467,50,298.477277
-3.396952,50,299.030968
-5.762451,50,299.622286
-5.784371,50,300.181197
-3.830609,50,300.736991
-5.556688,50,301.267369
-5.409909,50,301.829717
-3.256794,50,302.387542
-7.373066,50,302.911903
-4.553175,50,303.446542
-4.475816,50,303.971941
-6.546839,50,304.486791
-4.418269,50,305.017441
-6.439813,50,305.570853
-6.198781,50,306.099184
-6.30023,50,306.611343
-4.616897,50,307.155794
-6.00031,50,307.666314
-6.30296,50,308.176704
-4.249817,50,308.719794
-4.008604,50,309.252589
-4.489465,50,309.772461
-3.272855,50,310.280042
-8.35402,50,310.810919
-5.798714,50,311.34537
-5.600397,50,311.862131
-7.437762,50,312.389421
-6.374364,50,312.916416
-4.284084,50,313.450814
-5.785803,50,313.947971
-6.828535,50,314.451357
-6.081765,50,314.97427
-3.092791,50,315.50394
-3.762591,50,316.011582
-8.446681,50,316.568409
-5.497282,50,317.122825
-5.176795,50,317.639647
-3.205455,50,318.175832
-5.732356,50,318.701389
-3.305008,50,319.232531
-3.385899,50,319.738907
-2.682816,50,320.262612
-4.160111,50,320.786399
-3.832197,50,321.304169
-5.837282,50,321.831657
-4.862328,50,322.345301
-7.401021,50,322.858471
-5.428523,50,323.388117
-2.976743,50,323.90449
-2.791337,50,324.407511
-6.828367,50,324.923278
-3.05132,50,325.439801
-5.902401,50,325.953685
-2.839973,50,326.483898
-4.454723,50,327.015255
-6.643953,50,327.537456
-6.719981,50,328.060315
-3.285226,50,328.593147
-2.615049,50,329.110637
-4.248975,50,329.638194
-6.44017,50,330.167026
-5.710265,50,330.686059
-5.938511,50,331.201236
-5.955741,50,331.750585
-5.511143,50,332.269841
-4.217549,50,332.774072
-4.556851,50,333.2903
-6.320438,50,333.841632
-7.599358,50,334.358284
-7.592793,50,334.871319
-3.316958,50,335.394582
-6.594769,50,335.938689
-4.783085,50,336.456551
-5.485692,50,336.967272
-5.327831,50,337.483628
-5.987522,50,338.027507
-7.278701,50,338.549752
-3.62524,50,339.062571
-4.985231,50,339.594499
-2.399851,50,340.122114
-3.8877,50,340.619426
-6.067295,50,341.146851
-5.739833,50,341.664132
-3.732933,50,342.186549
-5.341792,50,342.682967
-6.833381,50,343.222817
-5.173493,50,343.746162
-6.743283,50,344.261848
-6.258009,50,344.773753
-6.372798,50,345.305409
-5.909338,50,345.825676
-5.278798,50,346.365641
-5.351545,50,346.904915
-2.232655,50,347.422521
-8.628669,50,347.952661
-8.239145,50,348.473071
-4.169468,50,348.985984
-2.207589,50,349.514426
-6.292123,50,350.033239
-2.538489,50,350.55851
-7.345298,50,351.066324
-1.465241,50,351.609984
-5.278265,50,352.177373
-6.221908,50,352.738455
-4.770741,50,353.220563
-7.601688,50,353.753509
-6.894312,50,354.30086
-7.026447,50,354.838232
-4.981424,50,355.375068
-6.387978,50,355.889257
-4.028481,50,356.413693
-4.653523,50,356.931831
-3.223636,50,357.488569
-3.708156,50,358.034105
-7.796072,50,358.559834
-7.144561,50,359.095431
-5.195616,50,359.637717
-3.864112,50,360.158614
-6.758239,50,360.672622
-8.213863,50,361.195183
-3.81995,50,361.722687
-5.172252,50,362.28443
-3.8296,50,362.77859
-5.299523,50,363.309955
-5.65008,50,363.842701
-2.802332,50,364.34363
-4.260374,50,364.872923
-1.921231,50,365.4255
-3.928405,50,365.967197
-6.27355,50,366.488587
-5.224525,50,367.030713
-7.938781,50,367.550003
-5.420305,50,368.084092
-4.815148,50,368.611922
-7.662305,50,369.150276
-3.91309,50,369.685764
-3.908292,50,370.209143
-5.971257,50,370.728315
-2.592244,50,371.251124
-3.811344,50,371.791366
-3.139187,50,372.30299
-5.480288,50,372.815407
-5.776055,50,373.361626
-7.376905,50,373.915503
-4.120256,50,374.443447
-6.865723,50,374.972736
-5.340558,50,375.495468
-1.560383,50,376.023872
-4.246114,50,376.528786
-6.150592,50,377.062867
-6.717307,50,377.595017
-2.013161,50,378.123119
-3.781746,50,378.630806
-5.412825,50,379.17546
-5.845048,50,379.704997
-4.902503,50,380.251751
-7.222786,50,380.759923
-4.145945,50,381.29524
-5.042292,50,381.820895
-3.79384,50,382.372828
-1.298654,50,382.896731
-5.92259,50,383.419854
-8.309148,50,383.941449
-6.347416,50,384.480784
-3.81366,50,385.022106
-5.442814,50,385.548957
-3.944941,50,386.076632
-5.235416,50,386.61775
-3.046386,50,387.162332
-5.986012,50,387.687276
-5.297302,50,388.203496
-5.964358,50,388.725711
-5.012481,50,389.235369
-5.73519,50,389.777547
-4.811729,50,390.30346
-4.043289,50,390.834126
-5.624083,50,391.356512
-5.094173,50,391.901381
-3.808569,50,392.418411
-5.145529,50,392.950134
-8.016437,50,393.484469
-2.048115,50,394.017559
-6.153981,50,394.547998
-6.161939,50,395.071385
-3.663904,50,395.605625
-4.557946,50,396.119915
-3.836072,50,396.634113
-5.672526,50,397.185698
-3.923729,50,397.760064
-5.134242,50,398.267528
-6.924206,50,398.833548
-5.941135,50,399.363698
-8.548461,50,399.883137
-5.216414,50,400.404347
-5.267259,50,400.944538
-5.06705,50,401.483746
-4.038873,50,402.040289
-4.314215,50,402.57431
-7.773036,50,403.118644
-5.890721,50,403.669058
-3.007067,50,404.183839
-3.247476,50,404.690433
-2.518854,50,405.20601
-3.664519,50,405.748694
-8.022211,50,406.282444
-4.705725,50,406.79564
-5.658947,50,407.319962
-6.42743,50,407.877886
-4.526239,50,408.410576
-4.508585,50,408.897804
-8.007561,50,409.442614
-4.933671,50,409.982118
-3.411074,50,410.503599
-4.439722,50,411.03186
-2.511435,50,411.561522
-5.791982,50,412.114002
-5.671651,50,412.608877
-4.934309,50,413.125249
-4.362616,50,413.659367
-5.467913,50,414.194175
-6.077685,50,414.709319
-3.117514,50,415.234515
-9.065219,50,415.757571
-4.967772,50,416.271835
-4.856821,50,416.775339
-6.578031,50,417.283747
-5.417808,50,417.816181
-4.391038,50,418.327924
-3.503483,50,418.816261
-4.945111,50,419.335772
-3.771659,50,419.866672
-6.950987,50,420.40344
-4.26156,50,420.906309
-6.153154,50,421.416573
-3.839889,50,421.92503
-5.158826,50,422.460114
-4.566774,50,423.003311
-6.434578,50,423.542173
-2.640771,50,424.042906
-5.505548,50,424.582693
-4.999697,50,425.12916
-4.496198,50,425.673307
-7.282034,50,426.184538
-7.656787,50,426.743019
-4.544249,50,427.295368
-3.703863,50,427.82141
-6.52244,50,428.332572
-2.980287,50,428.859413
-6.272818,50,429.362463
-4.196045,50,429.876935
-6.3686,50,430.431448
-2.694646,50,430.965945
-9.847453,50,431.48809
-5.244858,50,432.023633
-2.023598,50,432.5493
-4.818997,50,433.080801
-4.39036,50,433.609464
-4.663054,50,434.130063
-4.008394,50,434.660634
-4.769642,50,435.213386
-7.646674,50,435.718632
-5.233737,50,436.236852
-4.975509,50,436.766071
-9.004018,50,437.292709
-5.19516,50,437.810803
-5.792946,50,438.339501
-2.431845,50,438.85233
-6.468432,50,439.377642
-5.937187,50,439.901668
-2.685397,50,440.406514
-3.152241,50,440.92138
-3.46577,50,441.451055
-4.794238,50,441.961363
-5.428634,50,442.464332
-7.127269,50,442.981011
-9.486619,50,443.521879
-4.241728,50,444.050933
-4.811868,50,444.555016
-5.235499,50,445.08536
-4.772584,50,445.620149
-9.794567,50,446.131531
-3.022044,50,446.648585
-3.565387,50,447.171457
-5.742038,50,447.707233
-4.297379,50,448.232188
-5.943166,50,448.753238
-4.140479,50,449.366005
-2.393871,50,449.872696
-3.934642,50,450.379076
-5.667219,50,450.898353
-2.660261,50,451.423622
-5.641517,50,451.941008
-4.865016,50,452.444001
-5.68092,50,452.967258
-4.761497,50,453.476286
-4.36142,50,454.006457
-5.286615,50,454.507849
-6.040715,50,455.031273
-4.199062,50,455.558206
-3.000239,50,456.103227
-2.097827,50,456.630591
-4.409039,50,457.147714
-2.179498,50,457.649159
-2.7471,50,458.175259
-6.167266,50,458.691666
-9.222438,50,459.208437
-5.368813,50,459.734295
-10.243631,50,460.264806
-5.684866,50,460.796713
-4.642146,50,461.33105
-6.005159,50,461.847738
-3.231544,50,462.372718
-7.960583,50,462.90139
-9.725933,50,463.41598
-5.104592,50,463.936254
-3.946544,50,464.472295
-3.971715,50,464.981859
-1.706799,50,465.494619
-5.58807,50,466.042551
-9.074809,50,466.585021
-5.938304,50,467.110183
-1.918346,50,467.638803
-4.149604,50,468.161754
-6.734991,50,468.684581
-3.175415,50,469.192621
-5.176302,50,469.731502
-7.331158,50,470.248055
-6.065212,50,470.769126
-5.429158,50,471.282276
-8.942019,50,471.79151
-5.806766,50,472.316597
-5.516962,50,472.860164
-8.715214,50,473.368235
-4.390388,50,473.866548
-6.723086,50,474.390535
-4.906119,50,474.903168
-3.836547,50,475.431957
-5.344782,50,475.952145
-7.441442,50,476.501958
-9.031173,50,477.02075
-6.052099,50,477.557203
-8.360246,50,478.087029
-2.688697,50,478.615557
-5.079224,50,479.135792
-5.877513,50,479.674212
-2.598211,50,480.210141
-3.64336,50,480.73562
-9.558854,50,481.280678
-5.713906,50,481.792911
-5.639248,50,482.308886
-5.065708,50,482.834511
-7.011163,50,483.365739
-5.85649,50,483.87507
-4.547124,50,484.378989
-3.964665,50,484.920043
-3.933534,50,485.445661
-4.56845,50,485.989595
-5.899038,50,486.524636
-6.93829,50,487.033392
-8.83572,50,487.573645
-4.673163,50,488.067056
-5.127482,50,488.594204
-6.223687,50,489.147591
-6.440697,50,489.693691
-3.660328,50,490.21259
-4.453721,50,490.732212
-2.67651,50,491.265397
-5.724034,50,491.825836
-6.140903,50,492.360193
-7.060769,50,492.919772
-3.251992,50,493.427504
-4.783909,50,493.982938
-5.111316,50,494.500738
-4.58271,50,495.02836
-4.435428,50,495.547832
-5.10955,50,496.072429
-4.93005,50,496.582174
-8.574546,50,497.103249
-4.596533,50,497.617994
-8.043121,50,498.144434
-7.830836,50,498.669153
-5.064209,50,499.20009
-2.65894,50,499.753222
-2.040946,50,500.294404
-1.403184,50,500.829482
-4.732187,50,501.355162
-3.915106,50,501.874373
-5.232816,50,502.415628
-2.816825,50,502.969621
-5.211036,50,503.526962
-5.232403,50,504.042999
-2.906331,50,504.564155
-2.387418,50,505.076459
-3.345548,50,505.609645
-5.900744,50,506.159391
-6.8747,50,506.691026
-4.893042,50,507.214419
-5.801394,50,507.737715
-6.983435,50,508.25183
-4.666517,50,508.798627
-4.102727,50,509.315104
-3.990904,50,509.850076
-3.188246,50,510.370795
-7.886949,50,510.905533
-4.812508,50,511.421152
-7.037129,50,511.946736
-5.206309,50,512.465928
-5.815781,50,513.014712
-4.908478,50,513.552997
-6.44891,50,514.076496
-4.464246,50,514.616921
-6.07494,50,515.170274
-3.772521,50,515.724241
-6.028905,50,516.241358
-4.553336,50,516.765925
-6.174928,50,517.288755
-5.143929,50,517.810528
-4.041252,50,518.32376
-5.11446,50,518.843656
-6.545745,50,519.381675
-4.804276,50,519.920236
-4.53634,50,520.457034
-3.23748,50,521.42499
-6.633092,50,522.133355
-5.915311,50,522.657984
-3.839046,50,523.200118
-4.099757,50,523.719005
-3.394313,50,524.25637
-5.063258,50,524.791703
-3.089843,50,525.310007
-5.349749,50,525.855781
-6.874186,50,526.386911
-5.06272,50,526.916811
-6.758834,50,527.447419
-5.855709,50,527.971562
-4.080449,50,528.53626
-4.711081,50,529.091158
-7.974393,50,529.605849
-4.692291,50,530.130607
-2.07884,50,530.655017
-2.003303,50,531.192835
-2.710743,50,531.682739
-6.419098,50,532.200631
-5.9846,50,532.753616
-6.734951,50,533.301171
-7.994154,50,533.845992
-6.131687,50,534.383577
-6.10502,50,534.92633
-7.974314,50,535.45635
-2.794872,50,535.964338
-4.991414,50,536.492458
-2.521752,50,537.045145
-8.554241,50,537.55635
-2.022731,50,538.068063
-3.85825,50,538.601642
-2.465724,50,539.141145
-5.140198,50,539.690189
-5.904541,50,540.218636
-5.015931,50,540.748691
-3.632041,50,541.277892
-3.769321,50,541.776687
-4.396748,50,542.289654
-5.326626,50,542.846911
-3.477346,50,543.394287
-3.483002,50,543.910927
-6.340462,50,544.420021
-4.626859,50,544.933022
-1.589302,50,545.498018
-7.073334,50,546.033786
-1.926401,50,546.546721
-5.426926,50,547.067019
-3.763766,50,547.610366
-5.113863,50,548.130586
-2.896986,50,548.661018
-6.748963,50,549.174797
-3.354668,50,549.699328
-5.25814,50,550.213083
-4.077214,50,550.731591
-6.495281,50,551.253895
-3.910135,50,551.808253
-5.397418,50,552.303811
-6.016476,50,552.818809
-5.153146,50,553.34546
-7.365299,50,553.881793
-6.66763,50,554.410851
-3.839436,50,554.929222
-5.831109,50,555.467011
-7.053939,50,556.003147
-2.207036,50,556.549796
-7.799703,50,557.106299
-7.237634,50,557.631141
-7.102645,50,558.169145
-2.59998,50,558.700661
-2.30119,50,559.224732
-4.73829,50,559.748806
-4.627342,50,560.291114
-3.345691,50,560.805378
-6.643214,50,561.338777
-5.146618,50,561.844511
-4.40981,50,562.388541
-5.428919,50,562.91386
-6.509637,50,563.423393
-6.85858,50,563.949559
-5.393312,50,564.47306
-6.840751,50,564.980779
-4.899791,50,565.516786
-5.727035,50,566.026694
-2.213444,50,566.55076
-4.762755,50,567.070464
-3.301042,50,567.606447
-4.052414,50,568.13553
-3.281149,50,568.650239
-6.069446,50,569.163525
-3.150767,50,569.69535
-3.164458,50,570.245398
-2.722193,50,570.780569
-4.048395,50,571.284844
-4.554505,50,571.81942
-5.28623,50,572.328248
-3.930627,50,572.891351
-2.33189,50,573.407806
-4.786815,50,573.930712
-6.643663,50,574.447498
-7.217547,50,574.985779
-5.737881,50,575.527368
-3.790453,50,576.034658
-8.664929,50,576.552425
-4.929254,50,577.088815
-4.415598,50,577.606382
-4.568518,50,578.135923
-5.787563,50,578.66062
-7.901774,50,579.191159
-4.569883,50,579.732526
-3.589269,50,580.250995
-6.364584,50,580.770761
-4.114838,50,581.326205
-3.358082,50,581.865528
-2.323048,50,582.386757
-4.622855,50,582.907001
-3.95274,50,583.422278
-6.56953,50,583.948582
-7.675254,50,584.47137
-3.399888,50,584.986889
-1.904743,50,585.534927
-8.007306,50,586.063142
-5.67668,50,586.579942
-6.424005,50,587.099531
-3.248266,50,587.644273
-5.279758,50,588.16886
-6.928515,50,588.685933
-4.078867,50,589.210812
-5.070113,50,589.760655
-4.890484,50,590.316264
-5.841528,50,590.85539
-5.3364,50,591.392711
-6.896862,50,591.946593
-3.619486,50,592.469765
-5.187693,50,593.007646
-2.674042,50,593.530101
-5.010773,50,594.068918
-3.961287,50,594.580413
-6.189854,50,595.10946
-7.88613,50,595.672112
-5.469703,50,596.195924
-5.954449,50,596.720056
-5.081054,50,597.241318
-6.955509,50,597.761055
-4.264291,50,598.303234
-5.26356,50,598.844896
-6.895343,50,599.423953
-4.797813,50,599.995823
-7.209418,50,600.531124
-3.535555,50,601.057799
-3.969205,50,601.616194
-6.651438,50,602.149091
-5.958941,50,602.711073
-2.753743,50,603.238468
-5.234522,50,603.769
-2.692895,50,604.283153
-5.501958,50,604.818381
-6.421364,50,605.361578
-4.334756,50,605.90885
-3.465304,50,606.426104
-3.742221,50,606.963023
-4.595165,50,607.494202
-2.904563,50,608.003239
-4.271001,50,608.512008
-2.965927,50,609.060186
-3.280792,50,609.629053
-4.038892,50,610.168762
-5.844105,50,610.675052
-3.666223,50,611.217344
-6.187827,50,611.772629
-4.648233,50,612.324151
-8.080782,50,612.853531
-5.743077,50,613.432861
-2.98557,50,613.974281
-7.58546,50,614.497561
-3.389087,50,615.024999
-7.672871,50,615.610049
-4.153741,50,616.139026
-2.287642,50,616.655109
-7.705343,50,617.188888
-3.324909,50,617.716346
-2.077941,50,618.239002
-5.763857,50,618.786813
-5.606901,50,619.334628
-2.293258,50,619.872339
-6.153248,50,620.405268
-3.688931,50,620.927622
-7.007447,50,621.446797
-5.109945,50,622.007998
-2.430013,50,622.559363
-6.861008,50,623.099363
-5.240478,50,623.638173
-7.164638,50,624.193016
-3.828157,50,624.737325
-4.56963,50,625.244518
-5.612192,50,625.805197
-4.944596,50,626.352988
-6.592323,50,626.908739
-9.309694,50,627.441927
-3.143281,50,627.976918
-6.338279,50,628.534385
-7.349091,50,629.062632
-5.204569,50,629.587221
-2.43477,50,630.106855
-4.072851,50,630.632224
-7.257688,50,631.153736
-3.929433,50,631.697168
-7.487287,50,632.213847
-6.159077,50,632.765432
-5.70618,50,633.311417
-8.783421,50,633.85511
-4.159082,50,634.405263
-4.851155,50,634.97761
-8.095844,50,635.699098
-6.004066,50,636.250651
-7.751709,50,636.781512
-4.890512,50,637.347049
-4.986725,50,637.914864
-4.734203,50,638.443028
-4.074651,50,638.981313
-5.364244,50,639.504804
-7.475776,50,640.045628
-6.745919,50,640.585803
-4.515537,50,641.130119
-5.872565,50,641.682362
-4.160017,50,642.184169
-2.396974,50,642.775345
-3.524959,50,643.311241
-7.915703,50,643.818496
-5.301341,50,644.335495
-2.991114,50,644.884723
-4.363598,50,645.420013
-4.514293,50,645.952106
-5.708751,50,646.480942
-7.263048,50,646.993733
-2.907818,50,647.52919
-1.937946,50,648.090698
-1.520102,50,648.6442
-2.113089,50,649.166411
-3.582676,50,649.682707
-5.107073,50,650.207539
-4.391593,50,650.724877
-3.544719,50,651.251132
-6.121307,50,651.769901
-2.603255,50,652.352741
-6.958954,50,652.908352
-3.970097,50,653.424902
-6.071213,50,653.961439
-6.540099,50,654.506599
-4.22907,50,655.025177
-3.86532,50,655.573559
-4.304102,50,656.107108
-7.196645,50,656.679916
-5.546575,50,657.207657
-7.965667,50,657.747852
-4.73409,50,658.288141
-3.508027,50,658.834904
-5.717007,50,659.38415
-6.368774,50,659.916856
-8.727947,50,660.438357
-5.38086,50,660.960505
-5.477176,50,661.490592
-4.027555,50,662.009837
-7.046877,50,662.570295
-5.730194,50,663.100114
-7.649889,50,663.633533
-4.470538,50,664.137354
-2.833642,50,664.658175
-2.947626,50,665.191587
-4.087843,50,665.718772
-6.235918,50,666.242615
-3.950104,50,666.765915
-3.381668,50,667.307302
-6.039077,50,667.86495
-8.049797,50,668.441771
-5.255117,50,668.96549
-3.622296,50,669.510302
-7.930766,50,670.050685
-4.941918,50,670.584783
-3.979776,50,671.101844
-5.98651,50,671.642753
-5.489334,50,672.183836
-6.084893,50,672.730926
-6.140069,50,673.245959
-3.997934,50,673.764196
-6.95977,50,674.300433
-3.987001,50,674.835039
-4.45777,50,675.377181
-4.728216,50,675.919569
-4.10152,50,676.447839
-5.351236,50,676.980184
-5.010899,50,677.493615
-3.60121,50,678.045024
-5.0117,50,678.575536
-4.516338,50,679.111528
-4.612533,50,679.641705
-3.361561,50,680.177995
-4.611025,50,680.701821
-4.34221,50,681.206444
-4.402025,50,681.738669
-5.767019,50,682.280356
-7.576823,50,682.807373
-6.539198,50,683.341846
-8.077613,50,683.854884
-9.188394,50,684.38822
-7.711302,50,684.922501
-4.496422,50,685.43417
-5.128363,50,685.955974
-5.820901,50,686.495901
-5.042239,50,687.008872
-3.95747,50,687.54215
-6.704616,50,688.04296
-4.662027,50,688.572622
-3.967604,50,689.096007
-5.668734,50,689.612579
-5.857647,50,690.141828
-4.368393,50,690.706165
-6.089217,50,691.236782
-7.445515,50,691.754771
-6.997512,50,692.291119
-3.974445,50,692.826719
-3.877619,50,693.360848
-5.681599,50,693.890605
-4.250435,50,694.411407
-5.114121,50,694.934239
-5.934624,50,695.47467
-3.64039,50,695.992332
-5.145126,50,696.508902
-6.884734,50,697.057977
-3.732683,50,697.568532
-4.135432,50,698.087909
-5.599472,50,698.608681
-6.480427,50,699.154742
-7.92099,50,699.684546
-4.362725,50,700.206507
-4.495283,50,700.772214
-3.387258,50,701.316722
-2.671981,50,701.87503
-6.89947,50,702.42053
-4.288633,50,702.94321
-3.963078,50,703.496313
-4.274646,50,704.024962
-4.014861,50,704.557842
-4.495494,50,705.072631
-3.476181,50,705.621643
-3.125101,50,706.152607
-4.9715,50,706.680102
-2.218861,50,707.197848
-4.878855,50,707.735394
-5.772643,50,708.270106
-3.581588,50,708.81111
-3.74327,50,709.326821
-3.353979,50,709.875575
-3.877886,50,710.411469
-5.534838,50,710.969552
-4.804136,50,711.491929
-2.85922,50,712.052253
-8.223149,50,712.588885
-2.831496,50,713.121947
-5.666988,50,713.680795
-4.621051,50,714.223069
-4.604791,50,714.752636
-3.16323,50,715.267152
-5.19323,50,715.81291
-5.141404,50,716.354309
-3.978189,50,716.881005
-2.591486,50,717.426311
-4.074313,50,717.976654
-7.434901,50,718.50076
-6.665206,50,719.050457
-5.790209,50,719.595294
-2.103612,50,720.113484
-4.35212,50,720.647185
-5.834705,50,721.175401
-4.362044,50,721.688597
-3.133948,50,722.265944
-5.089899,50,722.826021
-4.972122,50,723.372627
-2.894292,50,723.913904
-7.323148,50,724.473579
-6.60239,50,725.030062
-6.187629,50,725.580459
-5.233155,50,726.152591
-3.642078,50,726.711423
-3.889237,50,727.274427
-5.069778,50,727.816333
-3.90288,50,728.364342
-6.017852,50,728.874416
-4.422467,50,729.418827
-4.988746,50,729.93992
-5.642512,50,730.485868
-5.813585,50,731.010739
-4.658448,50,731.566501
-4.405643,50,732.0928
-4.951892,50,732.637782
-3.66028,50,733.166081
-5.16333,50,733.711922
-5.115786,50,734.258559
-6.044025,50,734.769075
-3.383555,50,735.296834
-2.303432,50,735.841571
-6.261105,50,736.395563
-2.101082,50,736.94293
-4.48709,50,737.508868
-3.017785,50,738.072588
-3.696215,50,738.644242
-7.962683,50,739.185442
-3.96346,50,739.710948
-5.671752,50,740.267592
-8.022771,50,740.807495
-2.328664,50,741.316148
-6.019387,50,741.866193
-3.46945,50,742.448836
-6.934304,50,742.968431
-4.705101,50,743.486961
-5.003323,50,744.024475
-3.847042,50,744.59045
-4.783469,50,745.118738
-4.390493,50,745.644372
-4.459583,50,746.182261
-6.019685,50,746.742641
-2.773561,50,747.3099
-5.08431,50,747.880444
-3.449302,50,748.459379
-6.033061,50,749.009111
-4.675846,50,749.536697
-8.343164,50,750.082099
-5.427594,50,750.596779
-4.3356,50,751.135782
-7.404412,50,751.652815
-2.52027,50,752.21135
-3.228625,50,752.75096
-4.97097,50,753.258186
-5.987167,50,753.773647
-5.232362,50,754.384726
-4.839294,50,754.921941
-8.171319,50,755.469519
-3.745726,50,756.027477
-6.38868,50,756.549495
-5.64477,50,757.115518
-6.869958,50,757.719192
-4.596196,50,758.263232
-7.32351,50,758.797178
-5.371245,50,759.363269
-4.025881,50,759.926175
-4.592626,50,760.45537
-5.663398,50,760.968665
-3.608269,50,761.488595
-4.381072,50,762.040788
-3.339995,50,762.580594
-4.270132,50,763.118163
-2.739717,50,763.638161
-2.642554,50,764.207607
-5.428938,50,764.755927
-4.434044,50,765.321193
-5.221052,50,765.84432
-7.185342,50,766.39361
-2.5277,50,766.942925
-6.015716,50,767.47824
-4.797901,50,768.027182
-5.674516,50,768.595017
-3.571814,50,769.109848
-4.74075,50,769.631351
-3.819832,50,770.183074
-5.725062,50,770.721852
-6.407134,50,771.282551
-4.749041,50,771.845744
-4.433426,50,772.382935
-3.419805,50,772.945972
-7.047986,50,773.518521
-5.225501,50,774.054952
-1.961156,50,774.583441
-3.535057,50,775.132051
-6.025885,50,775.671808
-5.83937,50,776.209087
-5.888545,50,776.786762
-6.50521,50,777.343172
-3.040782,50,777.882343
-7.57595,50,778.430146
-3.939524,50,778.981259
-5.517353,50,779.546871
-4.455982,50,780.095163
-2.685735,50,780.693331
-6.237753,50,781.263951
-4.623522,50,781.828518
-5.689392,50,782.389544
-4.675006,50,782.940981
-5.961867,50,783.476267
-6.159247,50,784.015164
-5.788274,50,784.562637
-3.716255,50,785.093954
-4.988458,50,785.606194
-6.222363,50,786.17143
-3.927853,50,786.725951
-7.834198,50,787.273204
-5.294482,50,787.786511
-3.468123,50,788.326609
-5.687592,50,788.880862
-7.684526,50,789.447029
-5.835218,50,790.006323
-2.694718,50,790.575737
-8.008928,50,791.129667
-5.276433,50,791.662429
-5.629079,50,792.208237
-3.817993,50,792.782801
-5.624566,50,793.313926
-8.66027,50,793.859699
-3.622769,50,794.397119
-5.877719,50,794.939518
-4.84768,50,795.487853
-5.256005,50,796.030229
-2.456696,50,796.57381
-5.189156,50,797.1338
-3.165033,50,797.665007
-4.986626,50,798.24507
-5.61147,50,798.816031
-5.878091,50,799.381508
-3.044787,50,799.911244
-3.558453,50,800.449285
-4.554951,50,800.99082
-5.756799,50,801.530923
-7.829067,50,802.057113
-4.425654,50,802.601203
-7.732137,50,803.133496
-3.796764,50,803.672558
-2.753158,50,804.217487
-3.886198,50,804.737185
-5.42951,50,805.277447
-4.881014,50,805.824199
-3.665147,50,806.385299
-6.622915,50,806.944126
-7.232685,50,807.489195
-1.995255,50,808.020756
-5.789364,50,808.573036
-5.490463,50,809.11255
-7.42107,50,809.67084
-5.000295,50,810.211871
-2.721272,50,810.740816
-3.996437,50,811.265814
-7.809675,50,811.811624
-3.902277,50,812.377457
-5.770691,50,812.899292
-9.084103,50,813.417371
-5.31923,50,813.950377
-4.076635,50,814.487423
-3.722266,50,815.036922
-2.593267,50,815.564034
-2.351624,50,816.124717
-7.488265,50,816.678774
-7.98368,50,817.215399
-2.543462,50,817.751581
-4.322209,50,818.274253
-2.585435,50,818.850325
-5.426403,50,819.388007
-4.481952,50,819.90027
-4.920621,50,820.431253
-5.789162,50,820.960738
-1.995591,50,821.477959
-5.027615,50,822.026666
-6.57413,50,822.568111
-3.548755,50,823.149457
-6.730427,50,823.705624
-4.547941,50,824.272132
-5.440123,50,824.822007
-6.361361,50,825.366911
-8.156079,50,825.909848
-7.669175,50,826.464303
-5.129024,50,827.033501
-5.600064,50,827.581239
-3.219444,50,828.111088
-4.387368,50,828.648524
-5.800367,50,829.194079
-5.191185,50,829.753501
-6.117851,50,830.301469
-4.802777,50,830.836806
-5.835029,50,831.420648
-5.864007,50,832.010551
-3.284283,50,832.540873
-8.064589,50,833.102342
-5.10911,50,833.689855
-5.559563,50,834.245323
-5.900552,50,834.805352
-7.960286,50,835.334415
-7.83845,50,835.881333
-8.30266,50,836.458493
-4.2668,50,836.976768
-2.190798,50,837.521972
-4.502868,50,838.07007
-6.936304,50,838.63868
-5.001717,50,839.198352
-4.871338,50,839.781037
-8.400152,50,840.316774
-7.085191,50,840.847446
-7.450812,50,841.398862
-8.432868,50,841.946626
-1.522919,50,842.473882
-5.33396,50,843.050805
-2.554915,50,843.612314
-6.584764,50,844.180287
-4.487344,50,844.721956
-8.993999,50,845.273273
-2.378412,50,845.825564
-6.738922,50,846.376561
-6.727065,50,846.955185
-2.239552,50,847.58825
-6.454306,50,848.128084
-2.392567,50,848.681789
-2.792216,50,849.27983
-6.904842,50,849.826992
-5.230535,50,850.375738
-6.618645,50,850.93167
-5.82724,50,851.486405
-5.434774,50,852.04095
-6.214708,50,852.602356
-4.408237,50,853.126917
-3.026266,50,853.6539
-2.733918,50,854.205787
-5.489885,50,854.764164
-6.844103,50,855.33193
-2.59066,50,855.865598
-6.535296,50,856.465314
-3.901271,50,856.989531
-5.850703,50,857.531221
-5.400353,50,858.097003
-7.145353,50,858.662875
-5.344149,50,859.231776
-2.924865,50,859.790128
-2.256638,50,860.375222
-5.000975,50,860.912998
-5.551781,50,861.489353
-5.430496,50,862.045705
-4.917447,50,862.608644
-2.501015,50,863.160419
-7.355045,50,863.731338
-3.664282,50,864.276144
-4.963884,50,864.796635
-3.964422,50,865.331578
-9.793801,50,865.882011
-3.663325,50,866.433349
-7.173621,50,866.986131
-4.348419,50,867.521184
-4.916411,50,868.078773
-1.912185,50,868.641374
-3.560457,50,869.20223
-6.859001,50,869.7614
-4.85738,50,870.3133
-4.146755,50,870.855277
-3.989086,50,871.399287
-8.378115,50,871.93999
-4.391648,50,872.481497
-5.148492,50,873.039083
-4.740403,50,873.591056
-4.857278,50,874.157747
-3.584787,50,874.686525
-2.903434,50,875.218395
-2.378064,50,875.795102
-2.543433,50,876.367821
-3.814775,50,876.92988
-3.056353,50,877.49387
-6.877945,50,878.035386
-5.009754,50,878.581835
-4.596424,50,879.113522
-5.802464,50,879.658418
-4.191811,50,880.231611
-2.822262,50,880.815173
-4.901325,50,881.378514
-7.258241,50,881.935235
-5.920129,50,882.483219
-5.323727,50,883.064364
-5.75489,50,883.628633
-3.85333,50,884.171239
-5.840822,50,884.707966
-6.962992,50,885.293936
-4.600426,50,885.843439
-6.56934,50,886.395082
-6.024266,50,886.922591
-5.617142,50,887.60749
-4.461281,50,888.190928
-2.438108,50,888.749169
-7.320468,50,889.288356
-5.477428,50,889.856618
-7.558465,50,890.406579
-7.669106,50,890.958394
-3.63845,50,891.485856
-3.635161,50,892.033503
-4.933062,50,892.578026
-7.558261,50,893.146297
-6.846307,50,893.687729
-6.933916,50,894.251733
-6.512829,50,894.781697
-5.675537,50,895.311393
-9.409643,50,895.889829
-4.04832,50,896.440023
-4.424288,50,896.971236
-6.806788,50,897.508303
-5.794601,50,898.039708
-3.041603,50,898.590997
-7.048922,50,899.129925
-7.052513,50,899.653833
-6.864099,50,900.178124
-4.70357,50,900.712611
-3.880551,50,901.256845
-2.277167,50,901.826846
-5.695786,50,902.348022
-2.649142,50,902.907336
-5.82058,50,903.443744
-5.221411,50,903.954432
-4.515708,50,904.479184
-5.678149,50,905.048127
-5.049226,50,905.597059
-4.966551,50,906.135779
-6.612211,50,906.688384
-5.12856,50,907.264283
-4.629085,50,907.823884
-4.346019,50,908.34222
-4.719417,50,908.875573
-8.001288,50,909.419171
-1.795618,50,909.965635
-4.984972,50,910.495388
-4.868684,50,911.009825
-5.135488,50,911.539935
-5.913029,50,912.084023
-5.100384,50,912.652982
-4.53853,50,913.209315
-2.805252,50,913.749737
-6.859975,50,914.28771
-1.841707,50,914.822359
-7.21227,50,915.373348
-4.406775,50,915.951219
-2.372582,50,916.49878
-4.022553,50,917.05713
-2.973846,50,917.618923
-4.20748,50,918.175247
-4.480194,50,918.72386
-5.466012,50,919.270374
-1.866173,50,919.812518
-6.873599,50,920.334898
-4.146728,50,920.866233
-4.021217,50,921.401379
-3.792622,50,921.930666
-2.478347,50,922.509643
-4.866786,50,923.046029
-7.206778,50,923.601471
-2.414375,50,924.142495
-8.403156,50,924.688439
-5.44238,50,925.207352
-5.311727,50,925.752816
-3.203076,50,926.291297
-7.07945,50,926.827019
-6.536539,50,927.351272
-7.382616,50,927.873045
-5.891358,50,928.43463
-3.161468,50,928.984839
-5.598298,50,929.512957
-7.550946,50,930.047245
-4.971755,50,930.586599
-5.2301,50,931.134312
-1.673316,50,931.681147
-3.279402,50,932.207642
-5.069263,50,932.758507
-5.179918,50,933.306395
-6.991075,50,933.893879
-5.167265,50,934.423993
-6.911667,50,934.945979
-5.159157,50,935.529947
-7.29339,50,936.047915
-4.444863,50,936.572938
-7.336094,50,937.118174
-8.70249,50,937.649925
-5.571278,50,938.19287
-4.527659,50,938.738658
-3.538838,50,939.273898
-4.924086,50,939.814879
-5.557464,50,940.342177
-7.530653,50,940.858944
-5.987892,50,941.404602
-3.60987,50,941.984921
-2.746093,50,942.535313
-7.138756,50,943.057952
-4.894553,50,943.558773
-5.277392,50,944.09306
-5.65973,50,944.605009
-3.051037,50,945.1384
-2.814057,50,945.703137
-2.287737,50,946.247307
-4.529038,50,946.795792
-4.865228,50,947.331983
-6.346996,50,947.877657
-5.671552,50,948.418823
-3.759199,50,948.974873
-6.584955,50,949.504214
-4.781429,50,950.056546
-6.021449,50,950.589953
-7.032092,50,951.12376
-4.991989,50,951.66744
-4.676184,50,952.249206
-5.466863,50,952.82866
-3.487459,50,953.404062
-5.214863,50,953.956271
-3.552235,50,954.504503
-6.005369,50,955.040128
-3.02549,50,955.593547
-4.102861,50,956.137782
-4.19679,50,956.665999
-5.709858,50,957.213188
-6.173882,50,957.772453
-2.921893,50,958.318791
-5.205874,50,958.883941
-7.838384,50,959.436522
-6.154485,50,959.992016
-3.4052,50,960.524045
-3.850188,50,961.056158
-4.767504,50,961.610435
-2.191939,50,962.201099
-5.409463,50,962.753579
-3.683926,50,963.308912
-2.572051,50,963.873034
-5.919383,50,964.428107
-4.535765,50,964.948637
-5.172618,50,965.484753
-6.351139,50,966.043798
-4.967125,50,966.596027
-4.129193,50,967.186683
-3.16736,50,967.758025
-2.917031,50,968.321434
-2.824824,50,968.866117
-5.413992,50,969.42903
-2.66543,50,969.972001
-6.080301,50,970.544019
-4.385102,50,971.067811
-3.526941,50,971.650442
-6.612177,50,972.222626
-5.282307,50,972.783905
-6.061332,50,973.309797
-2.353538,50,973.855075
-6.505828,50,974.39683
-2.551909,50,974.981508
-5.059857,50,975.517577
-5.952073,50,976.052278
-5.409669,50,976.596526
-5.957166,50,977.159447
-1.889251,50,977.727545
-3.165667,50,978.248954
-7.778979,50,978.853353
-2.401625,50,979.411808
-4.676942,50,979.964622
-2.226632,50,980.526048
-3.720704,50,981.071239
-4.215902,50,981.684254
-6.170452,50,982.227595
-5.360898,50,982.790304
-4.936689,50,983.311181
-3.670414,50,983.873895
-5.747508,50,984.42772
-3.054773,50,984.957541
-5.650578,50,985.493998
-5.217874,50,986.063816
-1.820001,50,986.591927
-4.386191,50,987.160171
-7.255217,50,987.701082
-7.211267,50,988.257361
-5.128385,50,988.793192
-6.44691,50,989.290924
-5.45663,50,989.847713
-7.173521,50,990.416952
-6.388428,50,990.990578
-4.908187,50,991.552638
-3.909405,50,992.086813
-1.41751,50,992.654645
-6.436161,50,993.224128
-3.005324,50,993.7568
-2.797908,50,994.33208
-5.056293,50,994.895478
-2.476937,50,995.42159
-3.337264,50,996.013958
-7.092822,50,996.560658
-5.280573,50,997.135648
-2.605965,50,997.712861
-3.956399,50,998.247144
-7.57704,50,998.807188
-5.759805,50,999.368178
-5.057604,50,999.913042
-7.579079,50,1000.460202
-8.885887,50,1001.015335
-4.602039,50,1001.569519
-4.538564,50,1002.114101
-5.223444,50,1002.704182
-4.464881,50,1003.254933
-6.087437,50,1003.831484
-5.368925,50,1004.346483
-4.133752,50,1004.914567
-7.974151,50,1005.495898
-3.624171,50,1006.087022
-6.71006,50,1006.649106
-7.300832,50,1007.194677
-2.766392,50,1007.744735
-6.295806,50,1008.30121
-3.483855,50,1008.864069
-7.802115,50,1009.430676
-2.526238,50,1009.972039
-5.921635,50,1010.516922
-5.735535,50,1011.076745
-4.733526,50,1011.598395
-6.035108,50,1012.136189
-6.135992,50,1012.693393
-4.806371,50,1013.266196
-4.57492,50,1013.80975
-5.791288,50,1014.352637
-5.011222,50,1014.898164
-5.753284,50,1015.456053
-3.062632,50,1015.983705
-1.890794,50,1016.549945
-2.208212,50,1017.100277
-5.137143,50,1017.629503
-5.525241,50,1018.178825
-4.059538,50,1018.726062
-6.574485,50,1019.277576
-3.776186,50,1019.790189
-5.800696,50,1020.332582
-2.816449,50,1020.878398
-4.991326,50,1021.41513
-6.39189,50,1021.946702
-3.04516,50,1022.503819
-5.681196,50,1023.050057
-4.980411,50,1023.610086
-5.396182,50,1024.133183
-6.642315,50,1024.721657
-8.428778,50,1025.275083
-8.299035,50,1025.823176
-2.926919,50,1026.401679
-3.223164,50,1026.959069
-6.162081,50,1027.502639
-4.734093,50,1028.053074
-2.723052,50,1028.603931
-3.65796,50,1029.155834
-3.947665,50,1029.737373
-8.318415,50,1030.310186
-4.318785,50,1030.89628
-5.173709,50,1031.439553
-6.036283,50,1031.983749
-1.999397,50,1032.561143
-4.630236,50,1033.090724
-6.997014,50,1033.641449
-4.071553,50,1034.1787
-2.898242,50,1034.729294
-1.912804,50,1035.268328
-2.038349,50,1035.798227
-5.526381,50,1036.312496
-2.82727,50,1036.913177
-4.860386,50,1037.435263
-5.80507,50,1038.004078
-8.026942,50,1038.545967
-5.835197,50,1039.103527
-3.989733,50,1039.648749
-2.609068,50,1040.20375
-4.320393,50,1040.727097
-5.581198,50,1041.306587
-2.684818,50,1041.85863
-5.261756,50,1042.407446
-5.040415,50,1042.927715
-8.696586,50,1043.467663
-1.638414,50,1044.013614
-2.309744,50,1044.559867
-5.077559,50,1045.090506
-3.749832,50,1045.614336
-4.644504,50,1046.161964
-4.288609,50,1046.695339
-1.833541,50,1047.248461
-3.210444,50,1047.790351
-6.598726,50,1048.302649
-3.274036,50,1048.835444
-5.81547,50,1049.377571
-5.769107,50,1049.925158
-3.596596,50,1050.462208
-6.414606,50,1051.009835
-4.654339,50,1051.569345
-5.100511,50,1052.126631
-4.391344,50,1052.657359
-2.247247,50,1053.190431
-3.989534,50,1053.718137
-3.391984,50,1054.246033
-5.341207,50,1054.787275
-5.441006,50,1055.333679
-1.530725,50,1055.887651
-4.310888,50,1056.436974
-4.903725,50,1056.959321
-2.142659,50,1057.500586
-7.53166,50,1058.052052
-5.435864,50,1058.614626
-6.163298,50,1059.163692
-4.724022,50,1059.716515
-3.42404,50,1060.238485
-3.122137,50,1060.794288
-6.971882,50,1061.371656
-2.242825,50,1061.89517
-4.730047,50,1062.437642
-4.498254,50,1063.000212
-3.660594,50,1063.530864
-6.602758,50,1064.064862
-7.269518,50,1064.583766
-6.031659,50,1065.118781
-4.469401,50,1065.658246
-4.803317,50,1066.188508
-5.121071,50,1066.749476
-5.863762,50,1067.277739
-1.835849,50,1067.804852
-2.359299,50,1068.322921
-5.427181,50,1068.883726
-6.807349,50,1069.440329
-4.550845,50,1069.973058
-5.370193,50,1070.513131
-3.989653,50,1071.066647
-3.103752,50,1071.663666
-7.072019,50,1072.216283
-4.164445,50,1072.773853
-5.103419,50,1073.317731
-7.098435,50,1073.876599
-4.327015,50,1074.39839
-7.688183,50,1074.960889
-4.135631,50,1075.475997
-6.670133,50,1076.022806
-5.635742,50,1076.55893
-6.486408,50,1077.096266
-2.229957,50,1077.627914
-3.387322,50,1078.196371
-5.155068,50,1078.766924
-4.560982,50,1079.325829
-4.87739,50,1079.891988
-6.758472,50,1080.458877
-5.399489,50,1080.996769
-7.71132,50,1081.546345
-3.196827,50,1082.085425
-5.190628,50,1082.663587
-4.383854,50,1083.232367
-5.830578,50,1083.780817
-5.275376,50,1084.327701
-4.64459,50,1084.929407
-7.088535,50,1085.600176
-4.984671,50,1086.142051
-5.410047,50,1086.690986
-2.615198,50,1087.277872
-4.855193,50,1087.852684
-5.092753,50,1088.478927
-5.938796,50,1089.235278
-4.744004,50,1089.793029
-3.922265,50,1090.340829
-7.034283,50,1090.901027
-7.697284,50,1091.43606
-6.295199,50,1092.001794
-5.263694,50,1092.560665
-8.02524,50,1093.091144
-5.305007,50,1093.619656
-6.611903,50,1094.195409
-8.302211,50,1094.705269
-6.341113,50,1095.258032
-6.053842,50,1095.823362
-5.26541,50,1096.36402
-3.621691,50,1096.886405
-6.074516,50,1097.504739
-5.581606,50,1098.053778
-6.236817,50,1098.632059
-4.426341,50,1099.223784
-5.572625,50,1099.755833
-3.828564,50,1100.294486
-5.912119,50,1100.848892
-7.22021,50,1101.422199
-3.240081,50,1102.014997
-3.053647,50,1102.552528
-5.211064,50,1103.088059
-3.159863,50,1103.663516
-7.000316,50,1104.195829
-3.603654,50,1104.740332
-6.137149,50,1105.299203
-7.933912,50,1105.861102
-5.891662,50,1106.408682
-4.767326,50,1106.985819
-7.599192,50,1107.53677
-2.571428,50,1108.071518
-4.407651,50,1108.656739
-3.981758,50,1109.203439
-4.76463,50,1109.756636
-2.10235,50,1110.327355
-7.485874,50,1110.867527
-7.910193,50,1111.45285
-5.449082,50,1112.013734
-6.638633,50,1112.561737
-2.178488,50,1113.137958
-2.458828,50,1113.72119
-6.834547,50,1114.481757
-7.517818,50,1115.133133
-6.414415,50,1115.682341
-6.168821,50,1116.242625
-7.110272,50,1116.780581
-6.628074,50,1117.33796
-4.584109,50,1117.90781
-6.608702,50,1118.458032
-5.302532,50,1119.004108
-7.419544,50,1119.531939
-9.216716,50,1120.070385
-5.127243,50,1120.640986
-2.665082,50,1121.865864
-7.951999,50,1122.44298
-2.312613,50,1123.023842
-5.378822,50,1123.619391
-2.042105,50,1124.160494
-6.841485,50,1124.704588
-6.667462,50,1125.252587
-4.080054,50,1125.846091
-5.007012,50,1126.391017
-6.740309,50,1126.957779
-5.531225,50,1127.5174
-4.74478,50,1128.057813
-5.718415,50,1128.619401
-4.461289,50,1129.175173
-6.333874,50,1129.747218
-4.332031,50,1130.282575
-3.70788,50,1130.826807
-2.717695,50,1131.382407
-3.729328,50,1131.940751
-6.004595,50,1132.478674
-2.624,50,1133.030715
-4.679919,50,1133.589853
-4.091967,50,1134.156205
-5.552729,50,1134.717963
-4.987355,50,1135.265214
-4.612477,50,1135.820857
-4.170665,50,1136.353498
-4.176623,50,1136.868165
-4.949742,50,1137.411775
-4.978998,50,1137.967294
-6.365938,50,1138.516465
-6.337498,50,1139.057913
-4.063501,50,1139.61198
-2.722578,50,1140.150593
-3.111836,50,1140.672301
-5.219098,50,1141.224031
-4.529215,50,1141.764616
-4.429343,50,1142.306468
-3.22044,50,1142.823421
-5.850578,50,1143.342133
-3.102776,50,1143.898216
-4.274933,50,1144.442437
-6.159696,50,1144.984183
-4.134334,50,1145.519653
-2.797977,50,1146.096498
-7.338954,50,1146.663944
-4.74144,50,1147.209221
-5.398157,50,1147.788265
-7.256454,50,1148.330971
-4.742537,50,1148.875155
-5.765044,50,1149.455176
-5.291529,50,1150.006014
-4.967697,50,1150.572271
-4.742144,50,1151.138006
-6.268081,50,1151.688176
-2.38862,50,1152.237523
-7.013091,50,1152.825687
-4.179075,50,1153.372298
-6.052286,50,1153.903407
-4.830604,50,1154.427572
-5.006092,50,1154.97399
-3.230527,50,1155.490963
-4.151253,50,1156.030871
-5.548058,50,1156.59816
-3.648165,50,1157.139521
-2.47327,50,1157.682036
-4.694615,50,1158.236336
-3.938212,50,1158.829664
-4.506186,50,1159.388488
-5.33251,50,1159.94256
-4.531981,50,1160.483954
-2.687474,50,1161.020236
-3.84413,50,1161.565128
-6.341731,50,1162.091313
-4.90346,50,1162.625302
-3.783238,50,1163.194671
-5.672704,50,1163.732352
-6.287107,50,1164.28756
-5.673991,50,1164.820873
-3.180503,50,1165.340287
-2.838523,50,1165.919869
-3.49949,50,1166.435798
-6.140958,50,1166.95792
-3.087065,50,1167.497991
-5.966397,50,1168.057384
-6.8976,50,1168.561217
-4.842549,50,1169.112761
-5.340383,50,1169.6668
-5.479141,50,1170.199214
-5.751549,50,1170.728936
-3.932565,50,1171.270873
-6.541179,50,1171.823655
-3.371569,50,1172.377301
-2.643772,50,1172.915385
-6.026722,50,1173.445071
-5.086036,50,1173.995509
-4.878945,50,1174.550774
-6.632553,50,1175.096695
-5.330923,50,1175.629712
-7.749894,50,1176.21775
-3.96419,50,1176.762796
-3.542397,50,1177.295973
-3.705738,50,1177.819327
-5.346668,50,1178.370632
-5.099824,50,1178.914737
-6.700546,50,1179.451114
-4.864679,50,1179.959774
-3.423293,50,1180.526164
-6.03497,50,1181.057001
-6.46739,50,1181.606957
-3.907688,50,1182.145765
-5.867439,50,1182.69555
-4.653894,50,1183.232883
-4.64218,50,1183.767944
-5.882819,50,1184.30775
-4.874832,50,1184.843057
-5.916399,50,1185.392903
-6.922724,50,1185.967029
-2.601892,50,1186.489858
-4.706271,50,1187.02042
-3.958321,50,1187.574133
-5.40578,50,1188.115769
-3.999061,50,1188.61953
-5.296344,50,1189.175918
-3.883766,50,1189.722856
-5.259999,50,1190.269849
-5.405235,50,1190.852345
-4.935419,50,1191.409732
-3.203334,50,1191.97624
-3.693905,50,1192.524307
-4.926759,50,1193.069436
-4.148142,50,1193.627596
-3.991036,50,1194.188619
-4.244154,50,1194.739229
-7.885516,50,1195.263214
-5.176057,50,1195.798944
-6.659686,50,1196.354424
-5.583256,50,1196.899699
-7.142064,50,1197.466367
-2.518457,50,1197.995782
-5.035418,50,1198.555352
-5.538918,50,1199.104291
-3.821962,50,1199.642274
-6.067069,50,1200.173701
-3.828428,50,1200.734176
-4.175715,50,1201.253638
-5.57286,50,1201.846713
-4.307253,50,1202.481488
-5.454932,50,1203.039403
-4.850543,50,1203.597525
-4.727342,50,1204.134614
-6.906939,50,1204.6842
-6.408193,50,1205.214371
-5.465262,50,1205.799201
-3.359302,50,1206.347334
-1.747626,50,1206.900599
-2.506358,50,1207.488764
-5.047495,50,1208.03634
-3.739985,50,1208.593021
-4.373885,50,1209.135167
-5.440313,50,1209.71932
-6.47309,50,1210.263515
-7.499977,50,1210.798348
-4.976414,50,1211.338413
-6.588449,50,1211.889445
-5.835787,50,1212.425792
-5.924275,50,1213.012981
-4.870488,50,1213.594596
-5.392237,50,1214.152999
-4.111913,50,1214.711153
-6.660987,50,1215.266313
-4.875612,50,1215.841116
-6.41313,50,1216.429389
-3.744101,50,1217.002315
-4.401206,50,1217.526122
-2.960301,50,1218.068651
-4.798364,50,1218.645061
-5.365664,50,1219.191145
-5.21197,50,1219.747272
-5.267004,50,1220.313558
-3.350724,50,1220.861036
-5.086098,50,1221.392158
-7.634197,50,1221.948802
-4.855852,50,1222.519968
-2.664557,50,1223.064929
-3.623559,50,1223.600241
-4.81269,50,1224.169141
-3.268105,50,1224.729926
-1.632204,50,1225.307178
-4.661674,50,1225.878014
-6.935646,50,1226.399416
-3.592405,50,1226.977313
-2.422176,50,1227.546402
-4.038393,50,1228.099076
-4.414325,50,1228.650784
-3.207372,50,1229.176678
-3.231796,50,1229.743207
-2.702366,50,1230.279325
-4.68742,50,1230.819262
-4.749569,50,1231.375063
-5.265121,50,1231.923831
-2.6021,50,1232.47466
-5.943752,50,1233.014401
-5.733853,50,1233.538582
-5.219972,50,1234.100049
-3.456445,50,1234.634478
-3.502903,50,1235.200771
-8.025285,50,1235.711383
-7.909662,50,1236.280112
-4.092782,50,1236.865672
-4.311114,50,1237.454046
-4.504356,50,1238.000695
-3.738813,50,1238.575935
-3.658127,50,1239.123941
-6.234034,50,1239.69489
-7.183556,50,1240.240685
-5.537965,50,1240.812797
-5.761048,50,1241.388966
-3.610364,50,1241.955428
-4.377949,50,1242.491937
-6.757944,50,1243.039509
-5.470143,50,1243.583644
-4.960627,50,1244.11787
-2.25864,50,1244.648247
-7.630229,50,1245.190675
-3.696949,50,1245.723844
-6.852502,50,1246.281379
-4.676208,50,1246.854765
-2.241197,50,1247.403741
-5.131188,50,1247.946929
-6.086021,50,1248.498727
-6.57264,50,1249.049924
-5.087531,50,1249.623277
-7.179219,50,1250.161117
-2.94567,50,1250.704262
-5.822953,50,1251.215604
-5.746044,50,1251.750826
-4.905425,50,1252.29616
-1.865982,50,1252.862731
-5.56852,50,1253.402844
-1.832885,50,1253.96176
-6.867575,50,1254.487976
-2.503599,50,1255.013168
-3.879003,50,1255.53507
-3.61974,50,1256.067533
-3.585052,50,1256.591514
-3.329194,50,1257.134642
-2.337866,50,1257.646089
-5.836677,50,1258.205579
-4.833703,50,1258.741047
-4.212606,50,1259.275212
-4.536146,50,1259.779979
-5.01108,50,1260.321424
-6.323779,50,1260.862547
-5.105231,50,1261.417449
-4.844427,50,1261.95599
-4.584014,50,1262.507092
-3.414691,50,1263.09062
-5.788871,50,1263.647728
-7.006042,50,1264.201164
-5.912393,50,1264.751973
-3.902079,50,1265.311112
-4.514878,50,1265.876487
-1.96385,50,1266.411378
-4.686184,50,1266.954258
-5.576562,50,1267.52105
-2.760784,50,1268.088409
-4.881794,50,1268.611286
-7.047337,50,1269.165141
-8.789125,50,1269.72464
-5.701754,50,1270.263219
-4.156557,50,1270.82233
-3.345185,50,1271.372896
-4.584869,50,1271.929667
-5.359787,50,1272.475456
-7.168262,50,1273.02951
-4.014594,50,1273.585422
-5.355013,50,1274.121247
-5.318406,50,1274.679456
-4.846729,50,1275.253244
-5.180765,50,1275.846484
-5.267908,50,1276.41294
-6.63211,50,1276.95593
-4.533211,50,1277.508172
-7.356262,50,1278.060402
-6.005187,50,1278.621456
-5.698378,50,1279.154436
-3.125351,50,1279.698395
-4.891662,50,1280.261443
-6.914507,50,1280.799557
-5.505694,50,1281.360848
-5.658278,50,1281.884743
-2.172166,50,1282.422712
-5.522753,50,1282.942514
-4.982401,50,1283.498854
-4.637508,50,1284.033807
-2.388108,50,1284.601977
-4.070918,50,1285.157063
-4.653906,50,1285.681137
-2.548486,50,1286.227032
-6.173331,50,1286.801878
-5.385366,50,1287.311234
-5.997852,50,1287.856948
-5.576523,50,1288.410103
-3.442694,50,1288.945131
-5.069876,50,1289.475955
-7.81036,50,1290.0032
-4.75817,50,1290.532827
-4.979941,50,1291.077674
-2.649568,50,1291.622562
-4.512386,50,1292.134856
-2.947977,50,1292.663342
-3.11164,50,1293.205472
-4.949026,50,1293.764582
-4.558772,50,1294.282571
-3.693703,50,1294.812335
-4.578831,50,1295.352691
-3.922407,50,1295.917208
-5.324287,50,1296.457402
-3.281239,50,1297.001109
-5.553336,50,1297.529952
-7.502927,50,1298.072237
-7.910609,50,1298.602925
-5.333599,50,1299.12634
-4.648839,50,1299.656751
-5.165115,50,1300.204051
-6.527945,50,1300.744094
-2.205132,50,1301.27727
-2.609289,50,1301.839364
-4.602389,50,1302.379285
-4.426355,50,1302.917488
-3.613,50,1303.447087
-4.961768,50,1304.006976
-4.446378,50,1304.543161
-3.999633,50,1305.064392
-5.882742,50,1305.613957
-4.508459,50,1306.16477
-2.784955,50,1306.687344
-4.533886,50,1307.236276
-5.483449,50,1307.788419
-4.814236,50,1308.350441
-7.131577,50,1308.861459
-3.734808,50,1309.391652
-7.313049,50,1309.925638
-4.884959,50,1310.453486
-5.311781,50,1310.988321
-2.799446,50,1311.5572
-5.235295,50,1312.104275
-7.401364,50,1312.679433
-2.121392,50,1313.220869
-6.855673,50,1313.748477
-2.702872,50,1314.281946
-6.644319,50,1314.885095
-6.204679,50,1315.436939
-5.015764,50,1315.988566
-3.288838,50,1316.537235
-3.847385,50,1317.103247
-3.74118,50,1317.652692
-6.075882,50,1318.198067
-3.455339,50,1318.723934
-3.558564,50,1319.249683
-5.69458,50,1319.809002
-4.81968,50,1320.353945
-6.451688,50,1320.908247
-4.421038,50,1321.489109
-5.086026,50,1322.057432
-4.029178,50,1322.61002
-5.818518,50,1323.168609
-5.378547,50,1323.732516
-5.874926,50,1324.281036
-5.43086,50,1324.82861
-4.405935,50,1325.357907
-3.813273,50,1325.920047
-6.849241,50,1326.465106
-2.377743,50,1326.982206
-7.323716,50,1327.559597
-3.740844,50,1328.125031
-5.329485,50,1328.670539
-4.245037,50,1329.205603
-6.164834,50,1329.758969
-5.833597,50,1330.33012
-7.14863,50,1330.860943
-6.042962,50,1331.415654
-5.848402,50,1331.964959
-4.563989,50,1332.500154
-3.96943,50,1333.086108
-4.734532,50,1333.604732
-4.84513,50,1334.133191
-5.998057,50,1334.669558
-6.224692,50,1335.241123
-5.073344,50,1335.799412
-4.249196,50,1336.332509
-3.129132,50,1336.884265
-4.255067,50,1337.40486
-4.905831,50,1337.947648
-7.29184,50,1338.483371
-5.601598,50,1339.042765
-2.157707,50,1339.6102
-4.884628,50,1340.17224
-5.700765,50,1340.735703
-5.634366,50,1341.342769
-4.685922,50,1341.903418
-5.413287,50,1342.434641
-2.501071,50,1342.990386
-6.447268,50,1343.530997
-4.963962,50,1344.056919
-3.015399,50,1344.594859
-4.029931,50,1345.139817
-4.990699,50,1345.699447
-7.198033,50,1346.223284
-7.302836,50,1346.779983
-6.759179,50,1347.314017
-6.388388,50,1347.891164
-5.938651,50,1348.39286
-4.243198,50,1348.960524
-5.753581,50,1349.504498
-4.899479,50,1350.07718
-5.44645,50,1350.627187
-5.502896,50,1351.163673
-3.896137,50,1351.717918
-6.090271,50,1352.258601
-5.431059,50,1352.840707
-5.29535,50,1353.401207
-6.469797,50,1353.94807
-4.847955,50,1354.553095
-4.146068,50,1355.137996
-3.86095,50,1355.713057
-4.691904,50,1356.274115
-5.125858,50,1356.814905
-2.125939,50,1357.355131
-2.491876,50,1357.880285
-2.757309,50,1358.399817
-4.239201,50,1358.964885
-4.60686,50,1359.523111
-4.391293,50,1360.08488
-7.136176,50,1360.632593
-6.044031,50,1361.193059
-4.754925,50,1361.7629
-6.881631,50,1362.288855
-2.696484,50,1362.84195
-1.979805,50,1363.39097
-7.229223,50,1363.947852
-3.670423,50,1364.477089
-2.801367,50,1365.012823
-5.74103,50,1365.581478
-6.358878,50,1366.110835
-5.724975,50,1366.658973
-6.595233,50,1367.22065
-4.953641,50,1367.77125
-2.503,50,1368.287745
-5.604249,50,1368.813585
-6.629965,50,1369.432866
-2.910031,50,1369.984955
-5.392833,50,1370.520142
-6.230853,50,1371.0585
-1.77018,50,1371.594043
-3.220913,50,1372.155716
-3.934419,50,1372.695851
-5.658113,50,1373.270986
-6.433091,50,1373.800081
-5.337387,50,1374.349783
-5.312583,50,1374.904589
-4.330007,50,1375.436475
-2.734265,50,1375.979769
-6.265695,50,1376.521224
-5.541979,50,1377.028239
-4.632966,50,1377.52932
-6.737781,50,1378.077163
-4.939086,50,1378.647682
-5.748496,50,1379.18903
-3.05821,50,1379.77255
-2.891747,50,1380.29282
-5.231022,50,1380.922134
-6.106435,50,1381.477927
-5.097466,50,1382.03485
-6.632626,50,1382.573076
-7.048519,50,1383.116872
-5.396195,50,1383.639514
-6.805261,50,1384.176889
-6.226627,50,1384.705176
-2.85446,50,1385.275056
-2.685199,50,1385.811427
-4.736906,50,1386.330441
-3.089942,50,1386.884232
-7.443156,50,1387.429084
-3.670804,50,1387.98968
-6.845792,50,1388.557841
-5.331731,50,1389.114138
-5.252729,50,1389.653287
-6.758604,50,1390.202585
-6.191496,50,1390.744571
-5.465139,50,1391.307318
-5.452872,50,1391.857529
-4.995179,50,1392.38672
-4.462059,50,1393.051267
-5.000449,50,1393.602693
-5.869487,50,1394.146126
-4.46889,50,1394.72905
-6.411363,50,1395.280089
-3.407558,50,1395.81432
-3.642873,50,1396.35534
-4.362241,50,1396.882817
-6.068812,50,1397.440026
-2.089688,50,1397.978446
-6.0653,50,1398.520435
-2.628617,50,1399.036687
-5.996989,50,1399.58411
-4.55864,50,1400.133525
-4.915373,50,1400.6857
-4.72682,50,1401.242489
-7.352731,50,1401.767841
-2.811257,50,1402.291272
-5.907472,50,1402.843026
-1.649754,50,1403.404557
-5.613939,50,1403.980067
-7.18324,50,1404.536175
-3.54361,50,1405.109304
-6.520352,50,1405.635829
-5.28512,50,1406.171211
-6.710622,50,1406.710612
-2.992073,50,1407.267777
-5.417539,50,1407.812294
-4.641909,50,1408.388297
-5.718661,50,1408.943452
-4.825617,50,1409.501709
-7.800264,50,1410.049356
-6.8943,50,1410.579522
-5.957424,50,1411.113605
-6.831094,50,1411.68602
-2.214693,50,1412.203775
-6.407632,50,1412.734084
-4.547366,50,1413.25817
-5.711726,50,1413.799007
-5.142208,50,1414.343574
-6.678078,50,1414.891421
-3.512724,50,1415.459053
-6.391914,50,1415.992524
-6.870865,50,1416.521384
-4.274314,50,1417.07612
-4.671792,50,1417.615701
-4.948954,50,1418.190199
-5.730648,50,1418.723477
-2.20502,50,1419.255407
-3.189374,50,1419.781028
-4.918251,50,1420.305113
-3.715277,50,1420.86194
-5.347145,50,1421.425307
-3.132675,50,1421.94941
-3.716242,50,1422.498218
-5.278473,50,1423.051943
-6.785034,50,1423.589459
-7.809808,50,1424.119439
-6.951164,50,1424.659662
-4.096941,50,1425.223212
-4.82448,50,1425.751096
-2.424231,50,1426.274621
-5.764724,50,1426.808845
-5.045007,50,1427.351308
-5.99284,50,1427.904592
-5.773208,50,1428.427572
-4.490477,50,1428.996046
-4.86853,50,1429.549688
-4.527938,50,1430.09204
-4.362136,50,1430.664787
-2.242023,50,1431.218769
-3.944805,50,1431.753236
-6.81494,50,1432.305822
-2.620449,50,1432.822058
-2.383885,50,1433.345948
-6.622819,50,1433.897223
-2.89694,50,1434.456109
-5.212472,50,1435.014152
-7.65698,50,1435.540591
-5.728932,50,1436.075819
-4.776066,50,1436.596342
-5.841735,50,1437.222305
-5.549917,50,1437.774939
-6.403708,50,1438.313609
-6.358309,50,1438.891392
-1.386397,50,1439.500602
-5.633667,50,1440.064667
-5.255513,50,1440.57899
-8.507749,50,1441.131047
-5.133939,50,1441.70839
-4.742863,50,1442.284471
-2.548454,50,1442.820552
-5.553248,50,1443.367599
-6.837222,50,1443.905146
-8.006655,50,1444.488925
-4.73506,50,1445.057457
-7.776585,50,1445.625725
-2.447239,50,1446.159513
-5.376801,50,1446.701225
-2.417373,50,1447.20418
-5.111679,50,1447.746487
-6.517027,50,1448.316643
-5.356315,50,1448.89016
-4.871961,50,1449.458821
-5.373776,50,1450.003775
-4.225759,50,1450.531461
-4.157676,50,1451.069409
-5.228595,50,1451.625526
-6.946404,50,1452.184944
-2.552682,50,1452.712985
-6.202316,50,1453.288731
-3.844339,50,1453.821781
-3.520599,50,1454.36114
-4.312934,50,1454.904083
-2.920565,50,1455.441845
-3.567682,50,1455.962949
-3.108761,50,1456.538166
-5.601337,50,1457.074205
-3.408771,50,1457.635944
-4.791237,50,1458.184032
-4.806896,50,1458.723213
-3.689339,50,1459.275995
-2.875343,50,1459.814644
-2.189125,50,1460.353424
-5.700306,50,1460.928348
-2.165341,50,1461.455131
-5.735158,50,1462.025464
-3.404022,50,1462.556815
-4.036093,50,1463.112507
-6.94661,50,1463.664221
-6.747623,50,1464.233932
-4.347756,50,1464.77717
-2.648875,50,1465.329047
-4.754544,50,1465.862103
-5.297323,50,1466.441593
-5.022698,50,1467.004885
-6.552932,50,1467.587816
-3.482847,50,1468.136323
-4.065192,50,1468.681284
-5.367852,50,1469.223949
-5.224675,50,1469.759693
-1.662066,50,1470.301827
-2.234394,50,1470.871944
-3.508783,50,1471.41858
-4.253134,50,1471.958149
-3.072986,50,1472.510776
-3.897714,50,1473.069365
-3.659501,50,1473.616628
-5.177048,50,1474.156187
-2.709061,50,1474.732995
-4.690526,50,1475.285223
-5.355044,50,1475.827291
-3.766064,50,1476.389055
-3.670935,50,1476.939632
-6.755089,50,1477.503955
-4.90543,50,1478.048901
-4.547269,50,1478.61402
-6.782074,50,1479.189475
-4.2559,50,1479.741836
-6.59985,50,1480.298438
-4.477212,50,1480.839749
-2.22348,50,1481.394781
-2.054229,50,1481.945109
-5.351034,50,1482.511549
-6.83595,50,1483.07758
-3.074046,50,1483.638959
-4.030846,50,1484.171578
-4.60048,50,1484.683349
-3.461163,50,1485.212718
-2.218942,50,1485.756189
-4.939638,50,1486.328026
-5.429152,50,1486.915045
-7.870611,50,1487.46857
-2.979128,50,1488.032273
-5.669464,50,1488.600142
-6.748112,50,1489.137198
-5.653334,50,1489.689839
-6.055429,50,1490.224206
-5.250171,50,1490.767127
-2.468047,50,1491.306759
-6.399395,50,1491.872095
-2.507278,50,1492.4377
-3.780766,50,1493.031804
-3.458003,50,1493.577999
-2.002274,50,1494.109481
-4.37677,50,1494.669873
-6.715865,50,1495.249892
-6.62749,50,1495.804314
-3.080116,50,1496.337132
-4.539279,50,1496.886883
-4.608202,50,1497.438517
-7.916692,50,1497.97685
-4.060714,50,1498.509421
-4.456339,50,1499.034164
-4.890725,50,1499.618169
-2.361182,50,1500.158018
-6.030924,50,1500.700477
-3.652351,50,1501.230207
-5.608706,50,1501.77456
-3.415267,50,1502.31738
-5.118682,50,1502.859221
-3.89614,50,1503.388444
-6.716124,50,1503.920647
-3.866257,50,1504.469569
-8.432428,50,1505.030925
-6.823462,50,1505.577178
-4.546963,50,1506.151797
-4.312449,50,1506.713581
-4.542761,50,1507.245402
-4.278133,50,1507.776975
-5.48855,50,1508.342372
-6.846725,50,1508.916041
-6.15119,50,1509.473249
-6.560052,50,1510.021126
-4.487894,50,1510.573293
-3.879871,50,1511.120031
-2.097973,50,1511.689065
-5.615859,50,1512.254983
-3.555317,50,1512.818094
-4.32295,50,1513.36036
-2.578737,50,1513.872635
-6.840189,50,1514.434637
-8.378903,50,1515.020266
-4.198346,50,1515.583781
-3.974475,50,1516.111115
-6.602942,50,1516.663435
-3.954704,50,1517.222085
-3.995116,50,1517.768538
-3.849045,50,1518.324888
-3.691403,50,1518.867209
-4.59576,50,1519.38522
-4.741094,50,1519.963102
-6.964725,50,1520.499131
-2.487048,50,1521.028248
-5.129482,50,1521.586393
-6.428747,50,1522.123334
-2.165252,50,1522.662642
-4.173822,50,1523.192776
-5.187026,50,1523.757487
-4.979452,50,1524.306425
-8.196082,50,1524.847653
-6.295853,50,1525.391822
-3.392062,50,1525.950884
-5.720232,50,1526.489627
-5.870993,50,1527.038426
-4.175741,50,1527.578007
-7.095837,50,1528.133299
-4.426902,50,1528.678654
-3.759102,50,1529.223408
-6.024823,50,1529.773419
-4.639055,50,1530.300301
-5.346457,50,1530.841058
-6.857129,50,1531.391525
-5.152479,50,1531.926248
-6.298574,50,1532.452492
-3.318669,50,1532.991627
-4.711366,50,1533.508782
-2.660529,50,1534.025371
-3.841994,50,1534.566155
-5.397995,50,1535.128129
-3.778497,50,1535.666786
-3.560877,50,1536.191451
-6.160565,50,1536.733769
-4.56218,50,1537.270855
-5.577823,50,1537.799377
-5.894242,50,1538.34217
-3.710636,50,1538.879033
-3.59019,50,1539.436731
-4.796861,50,1539.96563
-6.914477,50,1540.518058
-5.551933,50,1541.105783
-4.430267,50,1541.660342
-4.080766,50,1542.209045
-5.820622,50,1542.752003
-4.568915,50,1543.314271
-6.376041,50,1543.828611
-5.280805,50,1544.37326
-4.665044,50,1544.895386
-6.069482,50,1545.448611
-3.543145,50,1546.014096
-2.564015,50,1546.538405
-2.63359,50,1547.081825
-2.304568,50,1547.649461
-4.339808,50,1548.196063
-5.061909,50,1548.741997
-4.699375,50,1549.289463
-5.925478,50,1549.82924
-7.867654,50,1550.382097
-3.30841,50,1550.941578
-4.627479,50,1551.453708
-4.414069,50,1552.013181
-2.292666,50,1552.537708
-2.40954,50,1553.070957
-5.680458,50,1553.638789
-3.009794,50,1554.17821
-6.164112,50,1554.786822
-3.994929,50,1555.333246
-7.159029,50,1555.874418
-5.462247,50,1556.429204
-2.892788,50,1556.931556
-1.695656,50,1557.461333
-2.945992,50,1558.009712
-4.432557,50,1558.571978
-2.870405,50,1559.117307
-5.378333,50,1559.647529
-4.554849,50,1560.194808
-4.062845,50,1560.728075
-6.315201,50,1561.296104
-5.769247,50,1561.877347
-3.971125,50,1562.412167
-5.66672,50,1562.986575
-3.396331,50,1563.518968
-4.415576,50,1564.060483
-5.730156,50,1564.576618
-2.811273,50,1565.105228
-5.609249,50,1565.692003
-5.78997,50,1566.231074
-2.162965,50,1566.77202
-6.204109,50,1567.32375
-5.324256,50,1567.857752
-6.626403,50,1568.385988
-4.610608,50,1568.918661
-5.413482,50,1569.467773
-5.377031,50,1569.999924
-2.966269,50,1570.563017
-4.379224,50,1571.114104
-5.475378,50,1571.668665
-6.440311,50,1572.197546
-3.241186,50,1572.72776
-5.876379,50,1573.300838
-2.492999,50,1573.855372
-5.214238,50,1574.43152
-5.341376,50,1574.961487
-5.726266,50,1575.499565
-5.263342,50,1576.048921
-4.740745,50,1576.618782
-6.806529,50,1577.246848
-1.95476,50,1577.822851
-3.703371,50,1578.374068
-3.432635,50,1578.90725
-3.702444,50,1579.432794
-3.902233,50,1579.994335
-3.588075,50,1580.542931
-5.687621,50,1581.079883
-5.787589,50,1581.605939
-6.671452,50,1582.196478
-3.894126,50,1582.820841
-5.739922,50,1583.386005
-6.324351,50,1583.942793
-5.542429,50,1584.52741
-5.418214,50,1585.081125
-4.775984,50,1585.659837
-4.818509,50,1586.19699
-5.856077,50,1586.758374
-2.504906,50,1587.313215
-3.298112,50,1587.879064
-2.504902,50,1588.441964
-5.723924,50,1589.016416
-2.908372,50,1589.608145
-3.446977,50,1590.135042
-4.612036,50,1590.681737
-3.043974,50,1591.237638
-2.451474,50,1591.800896
-3.3331,50,1592.32237
-2.699227,50,1592.862082
-2.25915,50,1593.428761
-5.932024,50,1593.976627
-4.516629,50,1594.518953
-2.566451,50,1595.075708
-3.261127,50,1595.634022
-5.114381,50,1596.190166
-6.576152,50,1596.773597
-2.10381,50,1597.337992
-5.292901,50,1597.895345
-4.738735,50,1598.463037
-2.382299,50,1599.009888
-3.45151,50,1599.558147
-4.925617,50,1600.100467
-2.703885,50,1600.65303
-6.950814,50,1601.227258
-4.443061,50,1601.779797
-3.679682,50,1602.323184
-5.641723,50,1602.882081
-3.165597,50,1603.439704
-3.58302,50,1603.986815
-6.130777,50,1604.531846
-5.904136,50,1605.058097
-4.454399,50,1605.60914
-7.607089,50,1606.143609
-4.209194,50,1606.682216
-4.812494,50,1607.274575
-4.927134,50,1608.035505
-4.272253,50,1608.604178
-5.569436,50,1609.141577
-4.619609,50,1609.719021
-2.11327,50,1610.27711
-4.415092,50,1610.811275
-5.593008,50,1611.318807
-4.351135,50,1611.872182
-3.001444,50,1612.406049
-2.415233,50,1612.919466
-6.131208,50,1613.456022
-3.464132,50,1614.035502
-4.944833,50,1614.569049
-4.743858,50,1615.083394
-5.089502,50,1615.618114
-5.755599,50,1616.153348
-6.485302,50,1616.668932
-3.495805,50,1617.226834
-1.838932,50,1617.764904
-3.003571,50,1618.347377
-4.349004,50,1618.867361
-7.618934,50,1619.414072
-6.048847,50,1619.990517
-5.504243,50,1620.553485
-5.812093,50,1621.070373
-7.244496,50,1621.613467
-2.54921,50,1622.148557
-6.722142,50,1622.66854
-4.864178,50,1623.20525
-6.20417,50,1623.743441
-3.845758,50,1624.294187
-4.257475,50,1624.856927
-5.251179,50,1625.379529
-3.231611,50,1625.925684
-5.785632,50,1626.467046
-5.709655,50,1627.001355
-6.022537,50,1627.544312
-4.456904,50,1628.172233
-3.122407,50,1628.756011
-6.420086,50,1629.333378
-2.930307,50,1629.897896
-4.098126,50,1630.424674
-5.267449,50,1630.953765
